"SeqID","Sequence"
1,"PQITLWQRPLVTIKIGGQLKEALLDTGADDTVLEEMNLPGRWKPKMIGGIGGFIKVRQYDQILIEICGHKAIGTVLVGPTPVNIIGRNLLTQIGCTLNF"
4432,"PQITLWQRPLVTVKIGGQLKEALLDTGADDTVLEEMNLPGRWKPKMIGGIGGFIKVRQYDQIPIEICGHKAIGTVLVGPTPVNIIGRNLLTQIGCTLNF"
4664,"PQITLWQRPIVTIKVGGQLIEALLDTGADDTVLEEINLPGRWKPKMIGGIGGFIKVREYDQVPIEICGHKAISTVLVGPTPVNIIGRNLMTQIGCTLNF"
5221,"PQITLWQRPLVTIKIGGQLKEALLDTGADDTVLEEMNLPGRWKPKMIGGIGGFIKVRQYDEVPIEICGYKAIGTVLVGPTPVNIIGRNLLTQIGCTLNF"
5279,"PQITLWQRPLVTVKIGGQLREALLDTGADNTVLEDISLPGRWKPKMIGGIGGFIKVKEYDQVPIEICGHKTIGTVLVGPTPVNVIGRDLMTQIGCTLNF"
5444,"PQITLWQRPIVTIKVGGQPIEALLDTGADDTVLEDINLPGKWKPKMIGGIGGFIKVRQYDQVPIEICGHKVISTVLVGPTPVNVIGRNLMTQIGCTLNF"
5462,"PQITLWQRPLVTIKIGGQLKEALLDTGADDTVLEEMDLPGRWKPKMIVGIGGFVKVRQYDQIAIEICGHKAIGTVLIGPTPANIIGRNLLTQIGCTLNF"
5464,"PQITLWQRPIVTIKVGGQLKEALLDTGADDTVLEDISLPGKWKPKMIVGIGGFIKVRQYDQIPIEICGHKVIGTVLVGPTPANIIGRNLMTQLGCTLNF"
5681,"PQITLWQRPIVTIKIGGQLKEALLDTGADDTVLEDMDLPGRWKPKIIGGIGGFVKVRQYDQIPVEISGHKVVGTVLVGPTPTNIIGRNLMTQLGCTLNF"
6024,"PQITLWQRPIVTIKIGGQLKEALLDTGADDTVLEEMNLPGRWKPKIIGGIGGFIKVRQYDQVPIEICGHKATSTVLIGPTPVNIIGRNLMTQLGCTLNF"
6028,"PQITLWQRPIVTIKIGGQLREALLDTGADDTVLEDINLPGKWKPKMIGGIGGFVKVRQYEQVPIEICGHKVTGTVLVGPTPANIIGRNLMTQIGCTLNF"
41012,"PQITLWQRPLVTIRVGGQLKEALLDTGADDTVLEEMNLPGRWKPKMIGGIGGFIKVRQYDQIAIEICGHKAIGTVLVGPTPVNIIGRNLLTQIGCTLNF"
7042,"PQITLWQRPIVTIKIGGQLKEALLDTGADDTVLEEMNLPGRWKPKIIGGIGGFIKVRQYDQIPIEICGQKAISTVLIGPTPVNVIGRNLMTQLGCTLNF"
7085,"PQITLWQRPLVTIKIGGQLKEALLDTGADDTVLEDMNLPGRWKPKMIGGIGGFIKVKQYDQIPIEICGHRVTSTVLIGPTPVNIIGRNLMTQIGCTLNF"
7103,"PQITLWQRPLVTIKIGGQLKEALLDTGADNTVLEDITLPGRWKPKMIGGIGGFIKVRQYDQVPIEICGHKAIGTVLVGPTPVNIIGRNLLTQIGCTLNF"
7119,"PQITLWQRPLVTIKIGGQLKEALLDTGADDTVLEDMTLPGRWKPKMIGGIGGFIKVRQYDQIPIEICGHKAVGTVLVGPTPVNIIGRNLLTQIGCTLNF"
7412,"PQITLWQRPIVTIKIGGQLKEALLDTGADDTVLEEMNLPGRWKPKMIVGIGGFVKVRQYDQILIEICGHKAIGTVLIGPTPANVIGRNLLTQIGCTLNF"
7430,"PQITLWQRPIVTIKVGGQLMEALLDTGADDTVLEDINLPGRWKPKMIGGIGGFVKVKQYDQVPIEICGHKVISTVLVGPTPANIIGRNLMTQIGCTLNF"
7443,"PQITLWQRPIVTIKIGEQLKEALLDTGADDTVLEEMDLPGRWTPKMIVGIGGFVKVRQYDQIPIEISGHKVIGTVLIGPTPANVIGRNLLTQLGCTLNF"
8188,"PQITLWQRPIVTVKVGGQLKEALLDTGADDTVLEEMNLPGRWTPKMIVGIGGFVKVRQYDNILIEICGHKAIGSVLVGPTPANIIGRNLLTQIGCTLNF"
8468,"PQITLWQRPLVTIKVGGHLIEALLDTGADDTVLEDINLSGRWKPKMIGGIGGFIKVRQYDQVPIEICGHKVLSTVLVGPTPVNIIGRNLMTQIGCTLNF"
8506,"PQITLWQRPLVTIKIGGQLIEALLDTGADDTVLEEMNLPGRWKPKMIGGIGGFIKVRQYDQIPIEICGHKVISTVLVGPTPVNVIGRNLMTQIGCTLNF"
8626,"PQITLWQRPLVTIKIGGQLIEALLDTGADDTVLEEINLPGRWKPKIIGGIGGFIKVRQYDEVPIEICGHKVMGTVLVGPTPFNIIGRNLMTQLGCTLNF"
8660,"PQITLWQRPIVTIKIGGQLKEALLDTGADDTVLEEMSLPGKWKPKIIGGIGGFIKVRQYDQILVEICGHKAITTVLIGPTPVNIIGRNLMTQLGCTLNF"
8666,"PQITLWQRPLVTIKIGGQLIEALLDTGADDTVLEEMNLPGRWKPKMIGGIGGFIKVRQYDQIPIEICGHKAIGTVLIGPTPVNIIGRNLLTQLGCTLNF"
9431,"PQITLWQRPLVRIKIGGQIKEALLDTGADDTVLEEMDLPGRWKPKIIGGIGGFIKVRQYDQVLIEICGHKAIGTVLIGPTPVNIIGRSLLTQIGCTLNF"
41885,"PQITLWQRPLVTVKVGGQLKEALLDTGADDTVLDEINLPGRWKPKMIGGIGGFIKVRQYDQIPIEICGHTAIGTVLVGPTPVNIIGRNLMTQIGCTLNF"
9556,"PQITLWQRPLVTIKIGGQIKEALLDTGADDTVLEEMNLPGRWKPKMIGGIGGFIKVRQYDQIPIEICGHKATGTVLIGPTPVNIIGRNLLTQLGCTLNF"
9564,"PQITLWQRPLVTIKVGGQLKEALLDTGADNTVLEDVTLPGRWKPQVIGGIGGFIKVRQYDQILVEICGHKAIGTVLVGPTPVNIIGRNLLTQIGCTLNF"
9706,"PQITLWQRPLVTIKIGGQLKEALLDTGADDTVLEDMDLPGRWKPKMIGGIGGFIKVRQYDQILIEICGHKAIGTVLVGPTPVNIIGRNLLTQIGCTLNF"
9733,"PQITLWQRPVVNIKIGGQLKEALLDTGADDTVLEEMDLPGRWKPKLIGGIGGFVKVRQYDQIPIEICGHKVIGTVLVGPTPANIIGRNLMTQIGCTLNF"
10191,"PQITLWQRPIVTIKIGGQLKEALLDTGADDTVLEDMNLPGRWKPKMIGGIGGFIKVKQYDQIPIEICGHKAIGTVLVGPTPVNIIGRNLLTQLGCTLNF"
40060,"PQITLWQRPFVTVKIGGQLKEALLDTGADDTILEEMNLSGRWKPKIIGGIGGFIKVRQYDQIPIEICGHKVIGTVLVGPTPANIIGRNLLTQIGCTLNF"
10286,"PQITLWQRPLVTIKIGGQLKEALLDTGADDTVLEEMNLPGRWKPKMIGGIGGFIKVKQYDQILVEICGHKAIGTVLVGPTPVNIIGRNLLTQIGCTLNF"
10380,"PQITLWQRPLVTIKIGGQLIEALLDTGADDTVLEEMELPGRWKPKLIGGIGGFIKVRQYDQISIEICGHKVIGSVLIGPTPVNIIGRNLLTQLGCTLNF"
10436,"PQITLWQRPIVTIKIGGQLKEALLDTGADDTILEDINLPGRWKPKIIGGIGGFIKVRQYDQIPVEICGHKVISTVLVGPTPVNVIGRNLMTQIGCTLNF"
10539,"PQITLWQRPLVTIKVGGQLKEALLDTGADDTVLEEIDLPGRWKPKMIGGIGGFIKVRQYDQVPIEICGHKAIGTVLVGPTPVNIIGRNLLTQIGCTLNF"
10560,"PQITLWQRPLVTIKVGGQLKEALLDTGADDTVLEEMNLPGRWKPKMIGGIGGFIKVRQYDQIPIEICGHKAIGTVLVGPTPLNIIGRNLMTQIGCTLNF"
10855,"PQITLWQRPHVIVKIGGQLKEALLDTGADDTVLEEMNLPGRWKPKIIGGIGGFIKVKQYDEIPIEICGHKVIGTVLIGPTPVNIIGRNLMTQLGCTLNF"
11224,"PQITLWQRPLVTIKIGGQLKEALLDTGADDTVLEEMNLPGRWTPKMIGGIGGFLKVRQYDQIPIEICGHKTIGTVLVGPTPVNIIGRNLMTQIGCTLNF"
11423,"PQITLWQRPIVTIKIGGQLKEALLDTGADDTVFEDLDLPGRWKPKMIGGIGGFVKVRQYDQVPIEIFGHKVISTVLVGPTPVNVIGRNLMTQIGCTLNF"
12377,"PQISLWQRPIVAVKVGGQIKEALLDTGADDTVLEEMNLPGRWKPKMIGGIGGFIKVRQYDQIPIEICGHKAIGTVLVGPTPVNIIGRNLLTQLGCTLNF"
12650,"PQITLWQRPLVTVKIGGQLKEALLDTGADDTVLEEMNLPGRWKPKMIGGIGGFIKVKQYDQIPVDICGHKAIGTVLVGPTPVNIIGRNLLTQIGCTLNF"
40765,"PQITLWQRPLVTIKVGGQLKEALLDTGADNTVLEDIDLPGRWKPKMIGGIGGFIKVRQYDQIPIEICGHKAIGTVLVGPTPVNIIGRDLLTQLGCTLNF"
12861,"PQITLWQRPLVTIKIGGQLKEALLDTGADNTVLEEMNLPGRWKPKMIGGIGGFIKVGQYDQILIEICGHKAIGTVLVGPTPVNIIGRDLLTQIGCTLNF"
12862,"PQITLWQRPLVTIKIGGQLKEALLDTGADNTVLEEMNLPGRWKPKIIGGIGGFIKVGQYDQIPIEICGHKAIGTVLVGPTPVNIIGRDLLTQIGCTLNF"
12863,"PQITLWQRPLVTIKIGGQLKEALLDTGADDTVLEEMNLPGRWKPKIIGGIGGFIKVGQYDQIPIEICGHKAIGTVLVGPTPTNVIGRNLLTQIGCTLNF"
12864,"PQITLWQRPRVTIKIGGQLKEALLDTGADDTVLEEMNLPGRWKPKIIGGIGGFIKVGQYDQIPIEICGHKAIGTVLVGPTPTNVIGRNLLTQIGCTLNF"
12865,"PQITLWQRPIVTIKIGGQLKEALLDTGADDTVLEEMNLPGRWKPKMIGGIGGFIKVGQYDQIPIEICGHKVIGTVLVGPTPVNVIGRNLMTQIGCTLNF"
12866,"PQITLWQRPIVTIKIGGQLKEALLDTGADDTVLEEMNLPGRWKPKIIGGIGGFIKVGQYDQIPIEICGHKVIGTVLVGPTPVNVIGRNLMTQIGCTLNF"
12867,"PQITLWQRPLVTIKIGGQLKEALLDTGADDTVLEEMNLPGRWKPKMIVGIGGFIKVGQYDQILIEICGHKAIGTVLVGPTPVNIIGRNLMTQIGCTLNF"
13255,"PQITLWQRPLVTIKIGGQLKEALLDTGADDTVLEEMNLPGRWKPKMIGGIGGFIKVGQYDQILIEICGHKAIGTVLVGPTPVNIIGRSLLTQIGCTLNF"
13256,"PQITLWQRPLVTIKIGGQLKEALLDTGADDTVLEEMNLPGRWKPKMIGGIGGFIKVGQYDQIPIEICGHKAIGTVLVGPTPVNIIGRSLLTQIGCTLNF"
13257,"PQITLWQRPLVTIKIGGQLKEALLDTGADDTVLEEMNLPGRWKPKLIGGIGGFIKVGQYDQIPIEICGHKAIGTVLVGPTPVNIIGRSLLTQIGCTLNF"
13258,"PQITLWQRPLVTIKIGGQLKEALLDTGADDTVLEEMNLPGRWKPKMIGGIGGFIKVGQYDQIPIEICGHKAIGTVLIGPTPVNIIGRSLLTQIGCTLNF"
13259,"PQITLWQRPLVTIKIGGQLKEALLDTGADDTVLEEMNLPGRWKPKLIGGIGGFIKVGQYDQIPIEICGHKAIGTVLIGPTPVNIIGRSLLTQIGCTLNF"
13260,"PQITLWQRPLVTIKIGGQLTEALLDTGADDTVLEEMNLPGRWKPKMIGGIGGFIKVGQYDQILIEICGHKAIGTVLVGPTPVNIIGRNLLTQIGCTLNF"
13262,"PQITLWQRPLVTIKIGGQLKEALLDTGADDTVLEEMNLPGRWKPKMIGGIGGFIKVGQYDQIPIEICGHKAIGTVLIGPTPVNIIGRNLLTQIGCTLNF"
12930,"PQITLWQRPIVTIKIGGQLREALLDTGADDTVLEEINLPGRWKPKMIGGIGGFVKVRQYDQIPIEICGHKVIGTVLVGPTPTNVIGRNLMTQIGCTLNF"
12932,"PQITLWQRPLVTIKIGGQLKEALLDTGADDTVLEEMNLPGRWKPKIIGGIGGFIKVRQYDQILIEICGHKVIGTVLVGPTPVNIIGRNLLTQIGCTLNF"
12936,"PQITLWQRPLVTIKIGGQLREALLDTGADNTVLEEINLPGRWKPKMIGGIGGFIKVRQYDQIHIEICGHKVIGTVLVGPTPVNIIGRNLLTQIGCTLNF"
12938,"PQITLWQRPIVTIKIGGQLKEALLDTGADDTVLEEMNLPGRWKPKMIGGIGGFIKVRQYDQIAIEICGHKAIGTVLVGPTPVNIIGRNLLTQIGCTLNF"
12940,"PQITLWQRPIVTIKIGGQLKEALLDTGADDTVLEEINLPGRWKPKMIGGIGGFIKVRQYDQISIEICGHKAIGTVLVGPTPVNIIGRNLMTQIGCTLNF"
12942,"PQITLWQRPIVTIKIGGQLREALLDTGADDTVLEEINLPGRWKPKLIGGIGGFVKVRQYDQIPIEICGHKVIGTVLVGPTPANIIGRNLMTQIGCTLNF"
13235,"PQITLWQRPLVTIRVGGQLTEALLDTGADDTVLEDINLPGKWKPKMIGGIGGFIKVRQYDQVQIEICGHKAIGTVLVGPTPVNIIGRSLLTQIGCTLNF"
13236,"PQITLWQRPLVTVKIGGQLKEALLDTGADDTVLEDMNLPGRWKPKLIGGIGGFIKVRQYDQIPVEICGHKAVGTVLVGPTPVNIIGRSLLTQIGCTLNF"
13237,"PQITLWQRPLVTIKIGGQLKEALLDTGADDTVLEEMNLPGRWKPKMIGGIGGFIKVRQYDQVPIEICGHKAIGTVLIGPTPVNIIGRSLLTQIGCTLNF"
13240,"PQITLWQRPLVTIKIGGQLKEALLDTGADDTVLEEMNLPGRWKPKIIGGIGGFIKVRQYDQIPIEICGHKAIGTVLIGPTPVNIIGRSLLTQLGCTLNF"
13241,"PQITLWQRPLVTVRIGGQLKEALLDTGADDTVLEEMDLPGRWKPKIIGGIGGFIKVRQYDQIPIEICGHKAIGTVLVGPTPVNIIGRSLLTQLGCTLNF"
13242,"PQITLWQRPLVTVKIGGQLKEALLDTGADDTVLEEMNLPGKWKPKIIGGIGGFIKVRQYDQIPIEICGHKAIGTVLIGPTPVNIIGRSLLTQLGCTLNF"
13244,"PQITLWQRPIVTIKIGGQLKEALLDTGADDTVLEDMSLPGRWKPKIIGGIGGFIKVRQYDQIPIEICGHKTIGTVLIGPTPVNIIGRSLLTQIGCTLNF"
13247,"PQITLWQRPLVTIKIGGQLREALLDTGADDTVLEEINLPGKWKPKMIGGIGGFVKVRQYDQILVEICGYKAIGTVLVGPTPANIIGRNLLTQIGCTLNF"
13248,"PQITLWQRPLVTIKVGGQLTEALLDTGADDTVLEEMNLPGKWKPRMIGGIGGFIKVKQYDQIPIEICGHKVMGTVLVGPTPVNIIGRSLMTQIGCTLNF"
13252,"PQITLWQRPLVTVKIGGQLKEALLDTGADNTVLEDIDLPGRWKPKMIGGIGGFIKVKQYDQVHVEICGHKVIGTVLVGPTPVNIIGRNLLTQLGCTLNF"
14891,"PQITLWQRPLVTIKIGGQIKEALLDTGADDTVLEEMNLPGKWKPKMIGGIGGFIKVRQYDQIPIEICGHKAMGTVLIGPTPVNIIGRNLMTQIGCTLNF"
14989,"PQITLWQRPFVSVKIGGQLKEALLDTGADDTVLEEMDLPGRWKPNMIGGIGGFIKVRQYDQILVEICGHKAIGTVLIGPTPANIIGRNLLTQIGCTLNF"
40136,"PQITLWQRPFVTVKIGGQLKEALLDTGADDTVLEEMNLPGRWKPKMIGGIGGFVKVRQYDQVPIEICGHKVIGTVLVGPTPANIIGRNLLTQIGCTLNF"
16329,"PQITLWQRPFVTIKIGGQLKEALLDTGADDTVLEEMDLPGRWKPKIIGGIGGFVKVRQYEQVPIEICGHKVIGTVVIGPTPANIIGRNLLTQLGCTLNF"
16401,"PQITLWQRPIVPIRIGGQLKEALIDTGADDTVLEEMNLPGRWKPKMIGGIGGFVKVRQYDQIPIEICGHKIIGTVLIGPTPANVIGRNLLTQIGCTLNF"
41547,"PQITLWQRPLVTIKIGGQLKEALLDTGADDTVLEEMNLPGRWKPKMIGGIGGFIKVRQYDQILVEICGHKAMGTVLVGPTPVNIIGRNLLTQIGCTLNF"
26094,"PQITLWQRPIVTIKIGGQLKEALIDTGADDTVLEEMNLPGRWTPKIIGGIGGFVRVRQYDQIPVEICGHKAIGTVLVGPTPANIIGRNLLTQIGCTLNF"
26117,"PQITLWQRPVVTIKIGGQLKEALLDTGADDTVLEEMNLPGRWKPKIIGGIGGFIKVRQYDQVPVEICGHKAIGTVVIGPTPVNIIGRNLLTQLGCTLNF"
26122,"PQITLWQRPLVTIKVGGQLKEALLDTGADDTVLEEMCLPGRWKPKMIGGIGGFVKVRQYDQVPIEICGHKAIGTVLVGPTPANIIGRNLLTQLGCTLNF"
26100,"PQITLWQRPIVTIKVGGQLKEALIDTGADDTVLEDMNLPGRWKPKLIGGIGGFVKVREYDQIPIEICGHKVIGTVLVGPTPANIIGRNLLTKIGCTLNF"
26078,"PQITLWQRPIVTVKIGGQLIEALLDTGADDTVLEDINLPGRWKPKMIGGIGGFVKVRQYDQIPIEFCGHKVIGTVLVGPTPTNIIGRNLLTQIGCTLNF"
26080,"PQITLWQRPIVTVKIGGQLIEALLDTGADDTVLEDIDLPGRWKPKMIGGIGGFVKVREYDQIPIEFCGHKVIGTVLVGPTPTNIIGRNLLTQIGCTLNF"
26105,"PQITLWQRPLVTIKIGGHIKEALLDTGADDTVLEEMNLPGRWKPKLIGGIGGFIKVRQYDQIPIEICGHKAIGTVLVGPTPVNIIGRNLMTRLGFTLNF"
26084,"PQITLWQRPIVTIKIGGQLKEALLDTGADDTVLEDMDLPGRWKPKIIGGIGGFIKVRQYDQVPIEICGHKVEGTVVVGPTPVNIIGRNLMTQLGCTLNF"
26600,"PQITLWQRPIVTIKVGGQIKEALLDTGADDTVLEEMNLPGRWKPKMIGGIGGFVKVKQYDQIAIELCGHKVIGTVLVGPTPFNIIGRNLMTQLGCTLNF"
26608,"PQITLWQRPLVTIKIGGQQKEALLDTGADDTVLEEMCLPGRWKPKMIGGIGGFIKVRQYDQILIEICGHKAIGTVLVGPTPINIIGRNLLTQIGCTLNF"
26624,"PQITLWQRPFVTIKIAGQLKEALLDTGADDTVFEEMNLPGRWKPKIIGGIGGLIKVRQYDQVPIEICGHKVIGPVLIGPTPVNVIGRNLMTQLGCTLNF"
26903,"PQITLWQRPLVTIKIGGQLKEALLDTGADDTVLEDMNLPGRWKPKMIGGIGGFIKVRQYDQIPIEICGHKAIGTVLIGPTPVNIIGRNLLTQLGCTLNF"
26926,"PQITLWQRPLVTIKVGGQTKEALLDTGADDTVLEEMNLPGRWRPKMIGGIGGFIKVRQYDQILIEICGYKAIGTVLVGPTPVNIIGRNLLTQIGCTLNF"
27084,"PQITLWQRPIVTIKIGGQLREALLDTGADDTVLEDINLPGRWKPKMIGGIGGFVKVRQYDQVSMEICGHKVIGTVLVGPTPVNVIGRNIMTKIGCTLNF"
27086,"PQITLWQRPIVTIKIGGQLKEALLDTGADDTVLEEMNLPGRWKPKIIGGIGGFIKVRQYDQIPIEICGHKVIGTVLVGPTPVNIIGRNLMTQIGCTLNF"
27090,"PQITLWQRPIVTIKIGGQLKEALLDTGADDTVLEEMNLPGRWKPKMIGGIGGFIKVRQYDQITIEICGHKAIGTVLIGPTPFNIIGRNLLTQIGCTLNF"
27093,"PQITLWQRPLVTIKIGGQLKEALLDTGADDTVLEEMNLPGRWKPKMIGGIGGFVKVRQYDQIPIEICGHKAIGTVLVGPTPANIIGRNLLTQIGCTLNF"
27095,"PQITLWQRPLVPIKIGGQLKEALIDTGADDTVLEEMNLPGRWKPKIIGGIGGFVKVRQYDQIAIEICGHKAIGTVLVGPTPANIIGRNLLTQIGCTLNF"
27091,"PQITLWQRPIVTIKIGGQLKEALLDTGADDTVLEEMNLPGRWKPKIIGGIGGFVKVRQYDQIQIEICGHKAIGTVLVGPTPANIIGRNLLTQIGCTLNF"
27094,"PQITLWQRPIVTIKIGGQLKEALLDTGADDTVLEEINLPGRWKPKMIGGIGGFIKVRQYDQIHIEICGHKAIGTVLVGPTPVNIIGRNLMTQIGCTLNF"
27087,"PQITLWQRPIVTIKIGGQLKEALIDTGADDTVLEEMNLPGRWKPKLIGGIGGFVKVRQYDQIPIEICGHKVIGTVLVGPTPANIIGRNLMTQIGCTLNF"
27096,"PQITLWQRPIVTIKIGGQLKEALIDTGADDTVLEEMNLPGRWKPKIIGGIGGFVKVRQYDQIPIEICGHKAIGTVLVGPTPANIIGRNLLTQIGCTLNF"
27088,"PQITLWQRPIVTIKIGGQLKEALLDTGADDTVLEEMNLPGRWKPKIIGGIGGFIKVRQYDQILIEICGHKAITTVLIGPTPVNIIGRNLMTQIGCTLNF"
27089,"PQITLWQRPIVTIKIGGQLKEALIDTGADDTVLEEMNLPGRWKPKLIGGIGGFVKVRQYDQIPIEICGHKVIGTVLVGPTPANIIGRNLLTQIGCTLNF"
27465,"PQITLWQRPFVTIKIGGQLKEALLDTGADDTILEDINLPGRWKPKLIGGIGGFIKVRQYDQILIEICGHKVIGTVLVGPTPANIIGRNLLTQIGCTLNF"
27471,"PQITLWQRPMVTVKIGGHLKEALLDTGADDTVLEEMDLPGRWKPKIIGGIGGFIRVRQYDHIPIEICGHKTTGTVLIGPTPVNIIGRSLMTQLGCTLNF"
27474,"PQITLWQRPIVTIKIGGQLKEALLDTGADDTVLEDMNLPGRWKPKMIGGIGGFVKVRQYDQIAIEICGHKVIGTVLVGPTPANIVGRNLLTQLGCTLNF"
27476,"PQITLWQRPIVTIKVEGQLREALLDTGADDTVLEDINLPGKWKPKMIGGIGGFVKVKQYDNVHMEICGHRAIGTVLVGPTPVNIIGRNMMTKIGCTLNF"
27467,"PQITLWQRPFVTIKIGGQLKEALIDTGADDTVLEDINLPGRWKPKLIGGIGGFVKVRQYDQIPVEICGHKAIGTVLVGPTPANIIGRNLLTQIGCTLNF"
27469,"PQITLWQRPFVTIKIGGQLKEALLDTGADDTVLEDMDLPGRWKPKMIGGIGGFIKVRQYDQIPIEICGHKVIGPVLVGPTPVNVIGRNLMTQLGCTLNF"
27470,"PQIALWQRPFVTIKIGGQLKEALLDTGADDTVLEDMELPGRWKPKIIGGIGGFIKVRQYDQIPIEICGHRVIGPVLVGPTPVNVIGRNLMTQLGCTLNF"
27472,"PQITLWQRPIVTVKIAGHLKEALLDTGADDTVFEEMDLPGRWKPKIIGGIGGFVKVRQYDHIPIEICGHKLTGTVVIGPTPVNIIGRGLMTQLGCTLNF"
27473,"PQITLWQRPIVTVKIAGHLKEALLDTGADDTVLEEMDLPGRWKPKIIGGIGGFVKVRQYDHVPIEICGHKLTGTVVIGPTPANIIGRGLMTQLGCTLNF"
27475,"PQITLWQRPIVTIKIGGQLKEALLDTGADDTVLEEMNLPGRWKPKIIGGIGGFVKVRQYDQILIEICGHKVIGTVLVGPTPANIIGRNLLTQIGCTLNF"
27477,"PQITLWQRPIVTIKVEGQLREALLDTGADDTVLEDINLPGKWKPKMIGGIGGFVKVKQYDDILIEICGHKVRGTVLVGPTPANIIGRNIMTKIGCTLNF"
27863,"PQITLWQRPIVPIKIGGQVKEALLDTGADDTVLEEMNLPGRWKPRMIGGIGGFIKVRQYDQVPIEILGQKAITTVLVGPTPANIIGRNLMTQIGCTLNF"
27960,"PQITLWQRPLVTIKIGGQLKEALLDTGADDTVFEELNLQGKWRPKMIGGIGGFVKVRQYDQVPIEICGHKVIGTVLVGPTPLNIIGRNLLTQLGCTLNF"
28215,"PQITLWQRPLVTIKIGGQLKEALLDTGADDTVLEEMNLPGRWKPKMIGGIGGFIKVRQYEQIAIEICGHKAIGTVLVGPTPVNIIGRNLLTQIGCTLNF"
28229,"PQITLWQRPLVTIKIGGQLKEALLDTGADDTVLEEMCLPGRWKPKMIGGIGGFIKVRQYDQIQVEICGHKAIGTVLVGPTPVNIIGRNLLTQIGCTLNF"
29039,"PQITLWQRPVVTIKIGGQLKEALLDTGADNTVLEEINLPGRWKPKMIGGIGGFIKVRQYDQIPIEICGHKTIGTVLVGPTPVNIIGRDLMTQIGCTLNF"
29041,"PQITLWQRPLVTIKIGGQLKEALLDTGADNTVLEEINLPGRWKPKMIGGIGGFIKVRQYDQIPIEICGHKTIGTVLVGPTPVNIIGRDLMTQIGCTLNF"
29043,"PQITLWQRPFVTIKIGGQLKEALLDTGADNTVFEEMNLPGRWKPKMIGGIGGFLKVRQYDQIPIEICGHKVIGTVLIGPTPVNIIGRDLMTQIGCTLNF"
29044,"PQITLWQRPFVTIKIGGQLKEALLDTGADNTVLEEMNLPGRWKPKMIGGIGGFLKVRQYDQIPIEICGHKVIGTVLIGPTPVNIIGRDLMTQIGCTLNF"
29046,"PQITLWQRPFVTIKIGGQLKEALLDTGADNTVLEEMNLPGRWKPKMIGGIGGFIKVRQYDQIPIEICGHKTIGTVLIGPTPVNIIGRDLMTQIGCTLNF"
29048,"PQITLWQRPLVTIKIGGQLREALLDTGADNTVLEEINLPGRWKPKMIGGIGGLVKVRQYDQIPIEICGHKVIGTVLVGPTPVNIIGRDLMTQIGCTLNF"
29049,"PQITLWQRPFVTVKIGGQTKEALLDTGADNTVLEEMNLPGKWKPKMIGGIGGFIKVRQYDQIPIEICGHKAIGTVLVGPTPVNIIGRDLMTQIGCTLNF"
29051,"PQITLWQRPFVTIKIGGQLTEALLDTGADNTVFEEINLPGRWKPKIIGGIGGFLKVRQYDQIPIEICGHKVIGTVLIGPTPVNIIGRDLMTQIGCTLNF"
29052,"PQITLWQRPLVTIKIGGQLKEALLDTGADNTVFEEMNLPGRWKPKMIGGIGGFIKVRQYDQIPIEICGHKTIGTVLVGPTPVNIIGRDLMTQIGCTLNF"
29054,"PQITLWQRPFVTIKIGGQLREALLDTGADNTILEEINLPGRWKPKIVGGIGGFVKVRQYDQIPIEICGHKVIGTVLVGPTPANIIGRDLMTQIGCTLNF"
38742,"PQITLWQRPIVTIKIGGQLKEALLDTGADDTVLEEMNLPGRWKPKIIGGIGGFIKVREYDNIPVEICGHKAITTVLVGPTPANIIGRNLMTQLGCTLNF"
38774,"PQITLWQRPVVTIKIGGQLREALLDTGADDTVLEDINLPGRWTPKMIGGIGGFVKVRQYDQVPVEICGHKAIGTVLVGPTPANIIGRNLMTQLGCTLNF"
38782,"PQITLWQRPIVTIKVGGQLKEALIDTGADDTVLEEMDLPGRWKPVMIGGIGGFVKVRQYDQIPIEICGHKAIGTVLVGPTPANIIGRNMLTQIGCTLNF"
38794,"PQITLWQRPIVTIKVGGQLKEALLDTGADDTVLEEMNLPGRWKPKMIGGIGGFVKVRQYDQIPIEICGHKVIGTVLVGPTPANVVGRNLMTQIGCTLNF"
38806,"PQITLWQRPIVTIRIGGQLKEALIDTGADDTVLEEMNLPGRWKPKIIGGIGGFVKVRQYDQIPIEICGQKVIGTVLIGPTPANIIGRNLLTQMGCTLNF"
38808,"PQITLWQRPIVTIKIGGQLIEALLDTGADDTVLEEMDLPGRWKPKMIGGIGGFIKVKQYEQIPIEICGHKIISTVLIGPTPVNIIGRNLMTQLGCTLNF"
38820,"PQITLWQRPFVTIKIGGQLKEALLDTGADDTVLEDMNLPGRWKPKMIGGIGGFIKVRQYDQIPIEICGHKVIGPVLVGPTPVNVIGRNLMTQLGCTLNF"
38872,"PQITLWQRPIVTIKIGGQLREALLDTGADDTVLEEINLPGRWKPKLIGGIGGFVKVREYDQVPIEICGHKVIGTVLVGPTPANIIGRNLMTQIGCTLNF"
39551,"PQITLWQRPIVTIKIGGQLKEALLDTGADDTVLEEMNLPGRWKPKMIGGIGGFIKVRQYDQILVEICGHKAIGTVLIGPTPVNIIGRSLLTQIGCTLNF"
40448,"PQITLWQRPLVTIKIGGQLIEALLDTGADDTVLEEMNLPGRWKPKIIGGIGGFIKVRQYDQILVEICGHKAIGSVLIGPTPVNVVGRNLMTQIGCTLNF"
40526,"PQITLWQRPIVTIKIGGQIREALLDTGADDTVLEDINLPGRWKPKMIGGIGGFVKVRQYEQVPIEICGHKTIGTVLVGPTPANIIGRNLMTQIGCTLNF"
41032,"PQVTLWQRPIVTVKIGGQLKEALLDTGADDTVLEEMNLPGRWKPKMIGGIGGFIKVRQYDQIPIEICGHKAIGTVLIGPTPVNIIGRNLLTQIGCTLNF"
41597,"PQITLWQRPLVTIKIGGQLKEALLDTGADNTVLEEMDLPGRWKPKMIGGIGGFIKVRQYDQIPIEICGYKAIGTVLIGPTPVNIIGRDLLTQLGCTLNF"
41798,"PQITLWQRPLVTIKIGGQLREALLDTGADDTVLEEINLPGKWKPKMIGGIGGFVKVRQYEQVPIEICGHKVIGTVLVGPTPANIIGRNLLTQLGCTLNF"
42159,"PQITLWQRPIVTIKIGGQLKEALIDTGADDTVLEEMNLPGRWKPKLIGGIGGFVKVRQYEQIPVEICGHKVIGTVLVGPTPANVIGRNLLTQIGCTLNF"
44038,"PQITLWQRPLVTVKIGGQLKEALLDTGADDTVLEDMNLPGRWKPKMIGGIGGFIKVRQYDQIPIEICGHKAIGTVLVGPTPVNIIGRNLLTQIGCTLNF"
44040,"PQITLWQRPLVTIKIGGQLKEALLDTGADDTVLEEMNLPGRWKPKMIGGIGGFIKVRQYDQISIEICGHRAIGTVLVGPTPVNIIGRNLLTQIGCTLNF"
44042,"PQITLWQRPLVTIKIGGQLKEALLDTGADDTVLEDMSLPGRWKPKMIGGIGGFIKVRQYDQILIEICGHKAIGTVLVGPTPVNIIGRNLLTQIGCTLNF"
44050,"PQITLWQRPLVTIKIGGQLKEALLDTGADDTVLEEINLPGRWKPKMIGGIGGFIKVRQYDQIPIEICGQKAIGTVLVGPTPVNIIGRNLLTQIGCTLNF"
44054,"PQITLWQRPIVTIKIGGQLKEALLDTGADDTVLEEMNLPGRWKPKMIGGIGGFIKVRQYDQIPIEICGHKTIGTVLIGPTPVNIVGRNLMTQIGCTLNF"
44056,"PQITLWQRPLVTVKVGGQLKEALLDTGADDTVLEEINLPGRWKPKMIGGIGGFIKVRQYDQVPIEICGHRAIGTVLVGPTPVNIIGRNLLTQIGCTLNF"
44060,"PQITLWQRPIVTIKIGGQLKEALLDTGADDTVLEDMSLPGKWKPKMIGGIGGFIKVRQYDQVPIEICGHKAIGTVLIGPTPVNIIGRNLLTQLGCTLNF"
44066,"PQITLWQRPLVTIRIGGQLKEALLDTGADDTVLEEMNLPGKWKPKMIGGIGGFIKVRQYDQISVEICGHKAIGTVLVGPTPVNIIGRNLLTQIGCTLNF"
44070,"PQITLWQRPLVTIKIGGQLKEALLDTGADDTVLEEMNLPGRWKPKMIGGIGGFIKVRQYDQIPMEICGHRAIGTVLVGPTPVNIIGRNLLTQIGCTLNF"
44072,"PQITLWQRPIVTIRVGGQLKEALLDTGADDTVLEDMSLPGKWKPKMIGGIGGFIKVRQYDQIPIEICGHKAIGTVLIGPTPVNIIGRNLLTQLGCTLNF"
44080,"PQITLWQRPLVTVKIGGQLKEALLDTGADDTVLEEMNLPGRWKPKMIGGIGGFIKVRQYEEIPIEICGHKAIGTVLIGPTPVNIIGRNLMTQIGCTLNF"
44082,"PQITLWQRPLVTIKIGGQLKEALLDTGADDTVLEDMSLPGRWKPKMIGGIGGFIKVRQYDQIPVEICGHKAIGTVLIGPTPVNIIGRNLLTQLGCTLNF"
44086,"PQITLWQRPLVTIKIEGQLKEALLDTGADDTVLEDMNLPGRWKPKMIGGIGGFIKVRQYDQVAIEICGHKAIGTVLVGPTPVNIIGRNLLTQIGCTLNF"
44102,"PQITLWQRPLVTIKIGGQLKEALLDTGADDTVLEEISLPGRWKPKMIGGIGGFIKVKQYEEVPIEICGHKTIGTVLVGPTPVNIIGRNLLTQLGCTLNF"
44106,"PQITLWQRPIVTVKIGGQLKEALLDTGADDTVLEEMNLPGRWKPKMIGGIGGFIKVRQYDQILVEICGHKAIGTVLVGPTPVNIIGRNLLTQIGCTLNF"
44108,"PQITLWQRPLVAIKIGGQLKEALLDTGADDTVLEEMNLPGKWKPKMIGGIGGFIKVRQYDQIPIEICGHKAIGTVLVGPTPVNVIGRNLLTQIGCTLNF"
44110,"PQITLWQRPLVTVKIGGQLKEALLDTGADDTVLEDINLPGKWKPKMIGGIGGFIKVRQYDQIPVEICGHKAIGTVLIGPTPVNIIGRNLLTQIGCTLNF"
44112,"PQITLWQRPLVTIKIGGQLKEALLDTGADDTVLEEMNLPGRWKPKMIGGIGGFIKVRQYDQIPLEICGHKAIGTVLIGPTPVNIIGRNLLTQIGCTLNF"
45038,"PQITLWQRPLVTIKIGGQLKEALLDTGADDTVLEEMNLPGRWKPKMIGGIGGFIKVRQYDQIQVEICGHKAIGTVLIGPTPVNIIGRNLLTQIGCTLNF"
45040,"PQITLWQRPLVTVKIGGQLKEALLDTGADNTVLEEMNLPGRWKPRMIGGIGGFIKVRQYDQIPIEICGHKTIGTVLIGPTPVNIIGRDLLTQIGCTLNF"
45042,"PQITLWQRPVVTIKIGGQLKEALLDTGADDTVLEDMTLQGRWKPRMIGGIGGFIKVRQYDEVPIEICGHKTIGTVLVGPTPVNIIGRNLLTQLGCTLNF"
45044,"PQITLWQRPLVTIKVGGQLKEALLDTGADDTVLEEMNLPGRWKPKMIGGIGGFIKVRQYDQVPIEICGHKAIGTVLVGPTPVNIIGRNLLTQLGCTLNF"
45046,"PQITLWQRPLVSIKIGGQIKEALLDTGADDTVLEEMNLPGRWKPKMIGGIGGFIKVRQYDQILIEICGHKAIGTVLVGPTPVNIIGRNLLTQLGCTLNF"
45057,"PQITLWQRPFVTVKIGGQLKEALLDTGADNTVIEDIDLPGRWKPKMIGGIGGFIKVRQYDQIPVEICGYKVIGTVLIGPTPVNIIGRDLLTQIGCTLNF"
45058,"PQITLWQRPFVTIKIGGQLREALLDTGADNTVLEDVDLPGRWKPKMIGGIGGFIKVRQYDQIPIEICGYEVIGTVLIGPTPVNVIGRDLLTQIGCTLNF"
45059,"PQITLWQRPLVTIKIGGQLKEALLDTGADDTVLEEMNLPGRWKPKMIGGIGGFIKVKQYDQVPLEICGQKAIGTVLIGPTPVNIIGRNLLTQLGCTLNF"
45061,"PVITLWQRPLVTIKIGGQLKEALLDTGADDTVLEEINLPGRWKPKMIGGIGGFIKVRQYDQIPIEICGHKAIGTVLVGPTPVNIIGRNLLTQIGCTLNF"
45062,"PQITLWQRPLVTVKIGGQLKEALLDTGADNTVLEDINLPGRWKPKMIGGIGGFIKVRQYDQVPVEICGHKTIGTILVGPTPVNIIGRNLLTQIGCTLNF"
45063,"PQITLWQRPLVTIKIEGQLKEALLDTGADDTVLEDMNLPGRWKPKMIGGIGGFIKVRQYDQVSIEICGHRAIGTVLVGPTPVNIIGRNLLTQIGCTLNF"
45065,"PQITLWQRPFVTVKIGGQLKEALLDTGADDTVLEEMDLPGRWKPKMIGGIGGFIKVRQYDQIPIEICGHKAIGTVLIGPTPVNIIGRSLLTQLGCTLNF"
45069,"PQITLWQRPLVTIKIGGQIKEALLDTGADDTVLEEMNLPGKWKPKMIGGLGGFIKVRQYDQILIEICGHKVIGSVLVGPTPVNIIGRNLLTQIGCTLNF"
45071,"PQITLWQRPIVTVKIGGQLKEALLDTGADNTVLEDMYLPGKWKPKIIGGIGGFIKVRQYDQIQVEICGHKAVGTVLIGPTPVNIVGRSLLTQIGCTLNF"
45073,"PQITLWQRPLVTVRIGGQLIEALLDTGADDTVLEDINLPGKWKPKIIGGIGGFIKVRQYDQILIEICGKKAIGTVLVGPTPINIIGRNMMTQIGCTLNF"
45076,"PQITLWQRPLVTIKIGGQLKEALLDTGADDTVLEEMNLPGRWKPRMIGGLGGFIKVRQYDQIPIEICGHKVISTVLIGPTPVNIIGRNLLTQLGCTLNF"
45078,"PQITLWQQPFVAVKIGGQLKEALLDTGADNTVLEDINLPGRWKPKVIGGIGGFIKVRQYDQVPLEICGHKTIGTVLIGPTPVNIIGRDLLTQIGCTLNF"
45079,"PQITLWQRPFVAVKIGGQLKEALLDTGADNTVIEDINLPGRWKPKMIGGIGGLLKVRQYEQVPIEVCGHKTIGTVLVGPTPVNVVGRDLLTQLGCTLNF"
45080,"PQITLWQRPLVTVKIGGQLKEALLDTGADDTVLEDMNLPGRWKPKMIGGIGGFIKVRQYDQVPIEICGHKAIGTVLVGPTPVNIIGRNLLTQIGCTLNF"
45084,"PQITLWQRPLVTIKIGGQLKEALLDTGADDTVLEDISLPGKWKPKMIGGIGGFIKVKQYDQVPIEICGHKAIGTVLIGPTPVNIIGRNLLTQLGCTLNF"
45086,"PQITLWQRPLVTIKIGGQLKEALLDTGADDTVLEDISLPGKWKPKMIGGLGGFIKVKQYDQVPIEICGHKAIGTVLVGPTPVNIIGRNLLTQLGCTLNF"
45088,"PQITLWQRPFVTVKIGGQLKEAILDTGADNTVLEEMSLPGKWKPKMIGGIGGFIKVRQYDQVPIEICGHRTIGTVLVGPTPVNIIGRDLLTQLGCTLNF"
45089,"PQITLWQRPFVTVKIGGQLKEALLDTGADNTVLEEMSLPGKWKPKMIGGLGGFIKVRQYDQVPIEICGHRTIGTVLVGPTPVNIIGRDLLTQLGCTLNF"
45090,"PQITLWQRPLVTIRVGGQLKEALLDTGADNTVFEEMNLPGKWKPKMIGGIGGFIKVRQYENITIEICGHKAIGTVLVGPTPVNIIGRDLLTQIGCTLNF"
45092,"PQITLWQRPIVTIKIGGQLKEALLDTGADDTVLEEMNLPGRWKPKMIGGIGGFIKVRQYDQIAIEICGHKAIGTVLVGPTPVNIIGRNLLTQLGCTLNF"
45095,"PQITLWQRPLVSIKIGGQQREALLDTGADDTVLEEINLPGRWKPKMIGGIGGFIKVRQYDQIPIEICGHKAMGTVLIGPTPVNIIGRNLLTQIGCTLNF"
45096,"PQITLWQRPFVSIKIGGQQREALLDTGADNTVLEEMNLPGRWKPKMIGGIGGFIKVRQYDQIPIEICGHKAIGTVLIGPTPVNIIGRDILTQIGCTLNF"
45097,"PQITLWQRPLVTIKIGGQLKEALLDTGADDTVLEEMNLPGRWKPLMIGGIGGFIKVRQYDQIPLEICGHKAVGTVLIGPTPVNIIGRNLLTQLGCTLNF"
45098,"PQITLWQRPLVTIKIGGQLKEALLDTGADDTVLEEMNLPGRWKPRMIGGLGGFIKVRQYDQIPLEICGHKAIGTVLIGPTPVNIIGRNLLTQLGCTLNF"
45099,"PQITLWQRPLVTIKIGGQLKEALLDTGADNTVLEDIDLPGRWKPKMIGGIGGFIKVRQYDQIPIEICGQKVIGTVLVGPTPVNIIGRDLMTQLGCTLNF"
45100,"PQITLWQRPRVTIKIGGQLKEALLDTGADNTVLEDIDLPGRWKPRMIGGIGGFLKVRQYDQIPIEICGQKVIGTVLVGPTPVNIIGRDLMTQLGCTLNF"
45101,"PQITLWQRPLVTVKIGGQLKEALLDTGADDTVLEEMNLPGRWKPKIIGGIGGFIKVRQYEQIPVEICGHKAIGTVLIGPTPVNIIGRNLMTQLGCTLNF"
45104,"PQITLWQRPLVSVTIGGQVKEALLDTGADNTVVEEISLPGRWKPQMIGGIGGFIKVRQYDQILVEICGHKAIGTVLVGPTPVNIIGRNLLTQIGCTLNF"
45105,"PQITLWQRPFVTVKRGGQLKEALLDTGADNTVIEDINLPGKWKPKMIGGIGGFIKVRQYDQIPVEICGHKAIGTVLVGPTPVNIIGRDLLTQIGCTLNF"
45106,"PQITLWQRPFVTVRIGGQLKEALLDTGADNTVIEDINLPGKWKPKMIGGIGGFIKVRQYDQILVEICGHKAIGTVLVGPTPVNIIGRDLLTQIGCTLNF"
45107,"PQITLWQRPLITIKVAGQLKEALLDTGADNTVLEEMNLPGRWRPKMIGGIGGFIKVRQYDQIPIEICGKKAIGTVLVGPTPVNIIGRNLLTQLGCTLNF"
45108,"PQITLWQRPLVTVRIGGQLIEALLDTGADDTVLEDMNLPGKWKPKMIGGIGGFIKVRQYDQILIEICGKKAIGTVLVGPTPINCIGRNMLTQIGCTLNF"
45109,"PQITLWQRPLVTVKVGGQLKEALLDTGADNTVLEDISLPGRWKPQMIGGIGGFIKVKQYDQIPIDICGHKATGTVLVGPTPVNIIGRNLLTQIGCTLNF"
45110,"PQITLWQRPLVTVKVGGQLKEALLDTGADNTVLEDISLPGRWKPQMIGGIGGFIKVKQYDQIPIEICGHKAIGTVLVGPTPVNIIGRNLLTQIGCTLNF"
45113,"PQITLWQRPLVTIKIGGQLKEALLDTGADDTVLEEMSLPGRWKPKMIGGIGGFIKVRQYDQILIEICGHKAIGTVLVGPTPVNIIGRNLLTQIGCTLNF"
45121,"PQITLWQRPIVTVKIGGQLKEALLDTGADDTVLEEMNLPGKWKPKMIGGIGGFIKVRQYDQILIEICGHKAIGTVLVGPTPVNIIGRNLLTQIGCTLNF"
46217,"PQITLWQRPLVTIKIGGQIKEALLDTGADDTVLEEINLPGKWKPKMIGGIGGFIKVKQYDQISIEICGHKAIGTVLVGPTPVNIIGRNLLTQIGCTLNF"
46685,"PQITLWQRPLVTIKIGGQLKEALLDTGADDTVLEEMNLPGRWKPKMIGGIGGFIKVRQYDQVPIEICGHKAIGTVLVGPTPVNIIGRNLLTEIGCTLNF"
46687,"PQITLWQRPLVTVKIGGQLKEALLDTGADNTVLEDLNLPGRWKPKMIGGIGGFIKVRQYDQVQVEICGHKAIGSVLVGPTPVNIIGRDLLTQIGCTLNF"
46699,"PQITLWQRPIVTIKVGGQLKEALLDTGADDTILEEMSLSGKWKPKLIGGIGGFIKVRQYDQIPIEICGHRVIGTVLVGPTPANIIGRNLLTQIGCTLNF"
46705,"PQITLWQRPIVTIKIGGQLKEALLDTGADDTVLEEINLPGKWKPKMIGGIGGFIKVRQYDQILVEICGHKAIGTVLVGPTPVNIIGRNLLTQLGCTLNF"
46711,"PQITLWQRPFVTIKIGGQLKEALLDTGADDTVLEEMNLPGRWKPKLIGGIGGFIKVKQYDQIPIEICGHKVISTVLVGPTPVNVIGRNLMTQIGCTLNF"
50615,"PQITLWQRPLVTIKIGGQLKEALLDTGADDTVLEEMNLPGRWKPKMIGGIGGFIKVRQYDQILIEICGHKAIGTVLVGPTPVNIIGRNMLTQLGCTLNF"
50807,"PQITLWQRPLVTIKIGGQLKEALLDTGADDTVLEDMELPGRWKPKMIGGIGGFIKVRQYDQIPIEICGHKAIGTVLVGPTPVNIIGRNLLTQIGCTLNF"
50868,"PQITLWQRPIVTVRIGGQLKEALLDTGADDTVLEEMDLPGRWKPKMIGGIGGFIKVRQYDQIPIEICGHKTIGTVLVGPTPVNIIGRNLMTQIGCTLNF"
50921,"PQITLWQRPIVTIKIAGQQKEALLDTGADDTILEEMSLPGKWKPRIAGGIGGFIKVRQYDQIPIEICGHKVVGTVLVGPTPANIIGRNLMTKLGCTLNF"
50925,"PQITLWQRPFVTIKVGGQLKEALLDTGADDTVFEEMNLPGKWKPKIIGGIGGFIKVRQYDQVPIELCGHKAIGTVLIGPTPVNVIGRDLMTQLGFTLNF"
51019,"PQITLWQRPLVTIKIGGQLKEALLDTGADDTVLEEMNLPGRWKPKMIGGIGGFMKVREYDQIPIEICGHKAIGTVLVGPTPVNIIGRNLLTQIGCTLNF"
51100,"PQITLWQRPLVTIRIGGQLKEALLDTGADDTVLEDMNLPGKWKPKMIGGIGGFIKVRQYDQIPIEICGHKAIGTVLIGPTPVNIIGRNLLTQLGCTLNF"
51225,"PQITLWQRPIVTVKIGGQLKEALLDTGADDTVLEEINLPGRWKPKMIGGIGGFIKVRQYDQIPIEICGHKAIGTVLVGPTPVNIIGRNLLTQIGCTLNF"
51258,"PQIPLWQRPLVTIKIGGQLKEALLDTGADDTVLEEMNLPGRWKPKMIGGIGGFIKVKQYDQIPIEICGHKAVGTILVGPTPINIIGRNLLTQIGCTLNF"
51449,"PQITLWQRPLVTIKIGGQLKEALLDTGADDTVLEEMNLPGRWKPKMIGGIGGFIKVKQYDQIPIEICGHKAIGTVLVGPTPVNIIGRNLLTQIGCTLNF"
51607,"PQITLWQRPFVTVKVAGQLKEALLDTGADDTILEEMDLPGRWTPKIVGGIGGLVRVRQYDQIPIEICGHKVISTVLVGPTPANIIGRNLMTQIGCTLNF"
52830,"PQITLWQRPVVTIKIGGQLKEALLDTGADDTVLEEINLPGRWKPKMIGGIGGLIKVRQYDQIPIEICGHKAIGTVLVGPTPANIIGRNLLTQIGCTLNF"
52832,"PQITLWQRPIVTIKIGGQLIEALLDTGADDTVLEEINLPGRWKPKMIGGIGGFVKVRQYDQIPIEICGHKVIGTVLVGPTPTNIIGRNLMTQIGCTLNF"
52834,"PQITLWQRPFVTIKIGGQLKEALLDTGADNTVLEEMNLPGRWKPKMIGGIGGFIKVRQYDQIPIEICGHKAIGTVLIGPTPANIIGRNLLTQIGCTLNF"
52836,"PQITLWQRPLVTIKIGGQLKEALLDTGADDTILEEMNLPGRWKPKIIGGIGGFIKVRQYDQIPIEICGHKVIGTVLIGPTPANIIGRNLLTQIGCTLNF"
52838,"PQITLWQRPIVTIKIGGQLKEALIDTGADDTVLEEMNLPGRWKPKIIGGIGGFIKVRQYDQIPIEICGHKAITTVLVGPTPVNIIGRNLMTQIGCTLNF"
52840,"PQITLWQRPIVTIKIGGQLKEALIDTGADDTVLEEMNLPGRWKPKIIGGIGGLIKVRQYDQIPIEICGHKVIGTVLIGPTPTNVIGRNLLTQIGCTLNF"
52889,"PQITLWQRPLVPIRIGGQLKEALLDTGADDTVLEDMNLPGKWKPKMIGGIGGFIKVRQYDQVPIEICEHKTIGTVLIGPTPVNIIGRNLLTQLGCTLNF"
52891,"PQITLWQRPIVTIKIGGQLIEALLDTGADDTVLEEMNLPGRWKPKIIGGIGGFIKVRQYDQIQVEICGHKATCSVLIGPTPVNIIGRNLMTQLGCTLNF"
52909,"PQITLWQRPIVTIKIGGQLKEALLDTGADDTIMQEMHLPGRWKPKMIGGIGGLVKVRQYDEIEVDICGHKVIGTVLVGPTPSNIIGRNLMTQIGCTLNF"
52915,"PQITLWQRPLVTIKIGGQLKEALLDTGADDTVLQEMNLPGKWKPKMIGGIGGFIKVRQYDQVPIEICGYKVITTVLVGPTPINVIGRNLMTQLGCTLNF"
53501,"PQITLWQRPLVTIKIGGQLREAILDTGADDTVLEEMTLPGRWKPKMIGGIGGFIKVRQYDQIPIEICGHKAIGSVLIGPTPINIIGRNLLTQLGCTLNF"
53503,"PQITLWQRPIVTIKIGGQLREALLDTGADDTVLEDINLPGRWKPKIIGGIGGLVKVRQYEQIPIEICGHKVIGTVLVGPTPVNVIGRNLMTQLGCTLNF"
53505,"PQITLWQRPIVTIKIGGQLREAILDTGADDTVLEDINLPGRWKPKIIGGIGGLVKVRQYEQIPIEICGHKVIGTVLVGPTPVNVIGRNLMTQLGCTLNF"
53507,"PQITLWQRPVVTIKIGGQLKEAILDTGADDTVLEEINLPGRWKPKLIGGIGGFVKVRQYDQVPIEICGHKVIGTVLVGPTPANVIGRNLMTQLGCTLNF"
53509,"PQITLWQRPVVTIKVGGQLKEALLDTGADDTVLEEINLPGRWKPKLIGGIGGFVKVRQYDQVPIEICGHKVIGTVLVGPTPANVIGRNLMTQLGCTLNF"
53515,"PQITLWQRPVVTIKIGGQLKEAILDTGADDTVLEEMNLPGRWKPKMIGGIGGLVKVKQYDQIPIEICGHKVIGTVLVGPTPANIIGRNLMTQIGCTLNF"
53517,"PQITLWQRPIVTIKIGGQLKEAILDTGADDTVLEEMNLPGRWKPKLIGGIGGFVKVKQYDQIPIEICGHKVIGTVLVGPTPANVIGRNLMTKIGCTLNF"
54162,"PQITLWQRPLVTIKIGGQLKEALLDTGADDTVLEEMNLPGRWKPKMIGGIGGFIKVRQYDQILIEICGHKAIGTVLVGPTPVNCIGRNLLTQIGCTLNF"
54163,"PQITLWQRPLVTIKIGGQLIEALLDTGADDTVLEEINLPGRWKPKMIGGIGGFIKVRQYDQILIEICGHKAIGTVLVGPTPINCIGRNLLTQIGCTLNF"
54167,"PQITLWQRPIVTIKIAGQLKEALLDTGADDTVLEEMNLPGRWKPKIIGGIGGFIKVRQYDQIPIEICGHKAIGTVVVGPTPVNCIGRNLLTQIGCTLNF"
54168,"PQITLWQRPIVTIKIGGQLKEALIDTGADDTVLEEMNLPGRWKPKLIGGIGGFIKVRQYDQIPIEICGHKTISTVLIGPTPVNCIGRNLLTQIGCTLNF"
54170,"PQITLWQRPLVTIKIGGQLKEALLDTGADDTVFEEMNLPGRWKPKIIGGIGGFIKVRQYDQIPIEICGHKAIGTVLVGPTPVNAIGRNLLTQIGCTLNF"
54171,"PQITLWQRPIVTIKIGGQLKEALLDTGADDTVLEEMNLPGRWKPKLIGGIGGFIKVRQYDQITIEICGHKVIGTVLVGPTPVNAIGRNLLTQIGCTLNF"
54172,"PQITLWQRPFVTIKIGGQLKEALLDTGADDTVLEEMNLPGRWKPKIIGGIGGFIKVRQYDQIPIEICGHKVIGTVLVGPTPVNAIGRNLLTQIGCTLNF"
54174,"PQITLWQRPIVTIKIGGQLKEALLDTGADDTVLEEMNLPGRWKPKIIGGIGGFIKVRQYDQIHIEICGHKVIGTVLIGPTPVNAIGRNLLTQIGCTLNF"
54176,"PQITLWQRPFVTIKIGGQIKEALLDTGADDTVLEEMNLPGRWKPKIVGGIGGFVKVRQYDQIPIEICGHKVIGTVLVGPTPVNAIGRNLLTQIGCTLNF"
54177,"PQITLWQRPVVTIKIGGQLIEALLDTGADDTVLEEINLPGRWKPKIIGGIGGFIKVRQYDQILIEICGHKVISTVVVGPTPVNAIGRNLLTQIGCTLNF"
54178,"PQITLWQRPLVTIKIGGQLKEALLDTGADDTVLEEMNLPGRWKPKMIGGIGGFIKVRQYDQIPIEICGHKAISTVLVGPTPVNVIGRNLLTQIGCTLNF"
54179,"PQITLWQRPIVTIKIGGQLKEALLDTGADDTVLEEMNLPGRWKPKIIGGIGGFIKVRQYDQILIEICGHKAIGTVVVGPTPVNVIGRNLLTQIGCTLNF"
54180,"PQITLWQRPIVTIKIGGQLKEALLDTGADDTVLEEMNLPGRWKPKMIGGIGGFIKVRQYDQIPIEICGHKTIGTVLVGPTPVNVVGRNLLTQIGCTLNF"
54183,"PQITLWQRPVVTIKIGGQLIEALLDTGADDTVLEEINLPGRWKPKIIGGIGGFIKVRQYDQIPIEICGHKVIGTVVVGPTPVNVIGRNLLTQIGCTLNF"
54184,"PQITLWQRPIVTIKIGGQLKEALLDTGADDTVLEEMNLPGRWKPKIVGGIGGFVKVRQYDQIPIEICGHKTIGTVLVGPTPVNVIGRNLLTQIGCTLNF"
54185,"PQITLWQRPFVTIKIGGQLKEALLDTGADDTVLEEMNLPGRWKPKIVGGIGGFVKVRQYDQIPIEICGHKTIGTVLVGNTPVNVIGRNLLTQIGCTLNF"
54188,"PQITLWQRPIVTIKIGGQLTEALLDTGADDTVLEEMNLPGRWKPKIIGGIGGFVKVRQYDQIAIEICGHKTIGTVLIGPTPVNVIGRNLLTQIGCTLNF"
54189,"PQITLWQRPIVTIKIGGQLREALIDTGADDTVFEEINLPGRWKPKIIGGIGGFVKVRQYDQIPIEICGHKTISTVLVGPTPINVIGRNLLTQIGCTLNF"
54300,"PQITLWQRPLVKIKIGGQVKEALLDTGADDTVLEDIDLPGRWKPKIIGGIGGFIKVRQYDQIPIEICGHKTIGTVLVGPTPINIIGRDLMTQLGCTLNF"
54301,"PQITLWQRPLVTVKIGGQLIEALLDTGADDTVLEDINLPGRWKPKMIGGIGGFVKVRQYDQIPIEFCGHKVIGTVLVGPTPTNIIGRNLLTQIGCTLNF"
54303,"PQITLWQRPFVTVKIGGQLTEALLDTGADNTVLEDINLPGRWKPQIIGGIGGFVKVRQYDQVQVEICGHKAVGTVLVGPTPVNIIGRDLLTQIGCTLNF"
54304,"PQITLWQRPIVTIRIGGQLKEALLDTGADDTVLEEMNLPGKWKPKMIVGIGGFIKVRQYDQIQVEICGHKAIGTVLVGPTPANIIGRNLLTQIGCTLNF"
54305,"PQITLWQRPLVTIKIGGQLKEALLDTGADDTVIEDIHLPGKWKPKMIGGIGGFVKVRQYDQIPIEICGHKVIGTVLVGPTPVNVIGRDLMTQIGCTLNF"
54306,"PQITLWQRPLVTIKIGGQLKEALLDTGADDTVLEEMCLPGRWKPKMIGGIGGFVKVRQYDQVPIEICGHKAIGTVLVGPTPANIIGRNLLTQLGCTLNF"
54392,"PQITLWQRPLVTIKIGGQLKEALLDTGADDTVLEEMNLPGRWKPKMIVGIGGFIKVRQYDQILIEICGHKAIGTVLVGPTPVNIIGRNLMTQIGCTLNF"
54393,"PQITLWQRPRVTIKIGGQLKEALLDTGADDTVLEEMNLPGRWKPKIIGGIGGFIKVRQYDQIPIEICGHKAIGTVLVGPTPTNVIGRNLLTQIGCTLNF"
54394,"PQITLWQRPLVTIKIGGQLKEALLDTGADDTVLEEMNLPGRWKPKMIGGIGGFIKVRQYDQILIEICGHKAIGTVLVGPTPFNVIGRNLLTQIGCTLNF"
54396,"PQITLWQRPLVTIKIGGQLKEALLDTGADDTVLEEINLPGRWKPKMIGGVGGFIKVRQYDQIPIEICGHKAIGTVLVGPTPVNIIGRNLLTQIGCTLNF"
54397,"PQITLWQRPLVTIKIGGQLKEALLDTGADDTVLEEMNLPGRWKPKLIGGIGGFIKVRQYDQILIEICGHKAIGTVLVGPTPANIIGRNLMTQIGCTLNF"
54398,"PQITLWQRPIVTIKIGGQLKEALLDTGADDTVLEEMNLPGRWKPKMIGGIGGFIKVRQYDQIPIEICGHKTIGTVLVGPTPVNVIGRNLMTQIGCTLNF"
54399,"PQITLWQRPIVTIKIGGQLKEALLDTGADDTVLEEMNLPGRWKPKIIGGIGGFIKVRQYDQIPIEICGHKTIGTVLVGPTPVNVIGRNLMTQIGCTLNF"
54400,"PQITLWQRPIVTIKIGGQLKEALLDTGADDTVLEEMNLPGRWKPKIIGGIGGFIKVRQYDQIPIEICGHKVISTVLVGPTPTNIIGRNLMTQIGCTLNF"
54401,"PQITLWQRPIVTIKIGGQLKEALLDTGADDTVLEEMNLPGRWKPKIIGGIGGFIKVRQYDQIPIEICGHKVIGTVLIGPTPVNVIGRDLMTQIGCTLNF"
54402,"PQITLWQRPIVTIKIGGQLKEALLDTGADDTVLEEMNLPGRWKPKMIMGIGGFVKVRQYDQIPIEICGHKIIGTVLIGPTPANIIGRNLMTQIGCTLNF"
54407,"PQITLWQRPFVTIKIGGQLKEALLDTGADDTVLEEMNLPGRWKPKMIGGIGGFIKVRQYDQILIEICGHKAIGTVLVGPTPVNIIGRNLLTQIGCTLNF"
54410,"PQITLWQRPFVTIKIGGQLKEALLDTGADDTVLEEMNLPGRWKPKIVGGVGGFIKVRQYDQILIEICGHKAIGTVLVGPTPVNIIGRNLLTQIGCTLNF"
54447,"PQITLWQRPLVTIKIGGQLKEALLDTGADDTVLEEMNLPGRWKPKMIGGIGGFIKVRQYDQILIEICGHKAIGTVLVGPTPVNIIGRSLLTQIGCTLNF"
54448,"PQITLWQRPLVTIKIGGQLKEALLDTGADDTVLEEMNLPGRWKPKMIGGIGGFIKVRQYDQIPIEICGHKAIGTVLVGPTPVNIIGRSLLTQIGCTLNF"
54449,"PQITLWQRPLVTIKIGGQLKEALLDTGADDTVLEEMNLPGRWKPKLIGGIGGFIKVRQYDQIPIEICGHKAIGTVLVGPTPVNIIGRSLLTQIGCTLNF"
54450,"PQITLWQRPLVTIKIGGQLKEALLDTGADDTVLEEMNLPGRWKPKMIGGIGGFIKVRQYDQIPIEICGHKAIGTVLIGPTPVNIIGRSLLTQIGCTLNF"
54451,"PQITLWQRPLVTIKIGGQLKEALLDTGADDTVLEEMNLPGRWKPKLIGGIGGFIKVRQYDQIPIEICGHKAIGTVLIGPTPVNIIGRSLLTQIGCTLNF"
54452,"PQITLWQRPLVTIKIGGQLTEALLDTGADDTVLEEMNLPGRWKPKMIGGIGGFIKVRQYDQILIEICGHKAIGTVLVGPTPVNIIGRNLLTQIGCTLNF"
54454,"PQITLWQRPLVTIKIGGQLKEALLDTGADDTVLEEMNLPGRWKPKMIGGIGGFIKVRQYDQIPIEICGHKAIGTVLIGPTPVNIIGRNLLTQIGCTLNF"
55760,"PQITLWQRPIVTIKVGGQLREALLDTGADDTILEEIDLPGRWKPKMIGGIGGFVKVRQYDQIPIEICGHKVISTVLVGPTPTNIVGRNLMTQIGCTLNF"
55847,"PQITLWQRPIVTIKIGGQLKEALLDTGADDTVLEEMNLPGRWKPKMIGGIGGFIKVRQYDQVPIEICGHKALGTVLIGPTPVNIIGRNLMTQLGCTLNF"
55889,"PQITLWQRPIVTIKIGGQLIEALIDTGADDTVLEDINLPGKWKPKLIGGIGGFVKVRQYEQIPVEICGHKVIGTVLVGPTPANVIGRNLLTQIGCTLNF"
55948,"PQITLWQRPIVTIKIGGQLKEALLDTGADDTVLEEMNLPGRWKPKMIGGIGGFVKVRQYDQVPIEICGHKVISTVLIGPTPANIIGRNLLTQLGCTLNF"
55954,"PQITLWQRPFLTIKIAGQIKEALLDTGADDTVFEEMNLPGKWKPKIIGGIGGFVKVRQYDQIPIEICGHKVISTVLVGPTPTNVIGRNVMSQLGCTLNF"
56022,"PQITLWQRPLVIIKIGGQLKEALLDTGADDTVLEEMNLPGKWKPKMIGGIGGFIKVRQYDQVLIEICGHRAIGTVLVGPTPVNIIGRNLLTQIGCTLNF"
56026,"PQITLWQRPLVTIKIGGQQKEALLDTGADDTVLEELALPGRWKPKMIGGIGGFIKVRQYDQVPIEICGHKVIGTVLIGPTPVNIIGRNLLTQLGCTLNF"
56144,"PQITLWQRPIVTIKIGGQLKEALLDTGADDTVLEEMNLPGRWKPKMIVGIGGFVKVKQYDQIPIEICGHKVIGSVLIGPTPANIIGRNLMTQLGCTLNF"
56204,"PQITLWQRPLVTVKVGGIIKEALLDTGADNTVFEEMNLPGRWKPKMIGGIGGFIKVRQYEQIPIEICGHKAIGTVLIGPTPVNIIGRDLMTQLGCTLNF"
56220,"PQITLWQRPLVTVKIGGQIKEALLDTGADDTVLEEMNLPGRWKPKMIGGIGGFIKVRQYDQIPIEICGHKTIGTVLIGPTPVNIIGRNLLTQLGCTLNF"
56344,"PQITLWQRPLVTIKIGGQLKEALLDTGADDTVLEEMSLPGRWKPKMIGGIGGFIKVRQYDQILVEICGHKAIGTVLVGPTPVNIIGRNLLTQIGCTLNF"
56378,"PQITLWQRPLVTIKIGGQLKEALLDTGADDTVLEEMNLPGKWKPKMIGGIGGFIKVRQYDQILIEICGHKTIGTVLIGPTPVNIIGRNLLTQIGCTLNF"
56428,"PQITLWQRPLVTIKVGGQLKEALLDTGADDTVLEEMNLPGRWKPKMIGGIGGFIKVRQYDQILIEICGHKAVGTVLIGPTPVNIIGRNLLTQLGCTLNF"
56432,"PQITLWQRPLVTIKIGGQLKEALLDTGADDTVLEEMSLPGRWKPKMIGGIGGFIKVRQYDQVPIEICGHKAIGTVLVGPTPVNIIGRNLLTQIGCTLNF"
56478,"PQIDLWQRPLVSIKIAGQIKEALLDTGADDTVLEEMSLPGRWKPKMIGGIGGFIKVRQYDQISIEICGHKAIGTVLIGPTPVNIIGRNLLTQIGCTLNF"
56498,"PQITLWQRPLVTIKIGGQLKEALLDTGADDTVLEEMSLPGRWKPKMIGGIGGFIKVRQYDQVPIEICGHKAIGTVLIGPTPVNIIGRNLLTQLGCTLNF"
56696,"PQITLWQRPIVTIKIGGQLKEALLDTGADDTVLEEMNLPGRWKPKMIGGIGGFIKVRQYDQIDIEICGHKTKGTVLIGPTPVNIIGRNLMTQLGCTLNF"
56746,"PQITLWQRPLVAIKVGGQIKEALLDTGADDTVLEEMNLPGKWKPKMIGGIGGFIKVRQYDQIPIEICGHKAIGTVLIGPTPLNIIGRNLLTQLGCTLNF"
57000,"PQITLWQRPLVTIKIGGQLKEALLDTGADDTVLEEMNLPGRWRPKMIGGIGGFIKVKQYDQVPIEICGHKTVGTVLIGPTPVNIIGRNLLTQLGCTLNF"
57456,"PQITLWQRPIVTIKIGGQLREALLDTGADDTVFEDINLPGKWKPKLIGGIGGFVKVRQYDQVPIEICGHKIIGTVLIGPTPANTIGRNLMTQLGCTLNF"
58809,"PQITLWQRPLVTIKIGGQLKEALLDTGADDTVLEEINLPGRWKPKMIGGIGGFIKVRQYDQIPIEICGHKTTGTVLVGPTPVNIIGRNLLTQIGCTLNF"
58812,"PQITLWQRPLVTVKIGGQLREALLDTGADNTVLEDINLPGRWKPKMIGGIGGLIKVKQYDQVAIEVCGHKIIGTVLVGPTPVNIIGRDLMTQIGCTLNF"
58892,"PQITLWQRPFVTLKVGGQLTEALLDTGADDTVLENINLPGKWKPKIIGGIGGFVKVKQYDQVPIEIYGHKIIGTVLVGPTPVNIIGRGLMTQLGCTLNF"
58894,"PQITLWQRPFVTIKIGGQLKEALLDTGADDTVLEEMDLPGRWKPKIIGGIGGLVKVRQYDQICIEICGHKAIGSVLVGPTPANIIGRNMLTQIGCTLNF"
59256,"PQITLWQRPLVAIKIGGQLKEALLDTGADDTVLEEMNLPGRWKPKMIGGIGGFIKVRQYDQIPIEICGHKAIGTVLIGPTPVNIIGRNLLTQLGCTLNF"
59258,"PQITLWQRPIVTIKVGGQLKEALLDTGADDTVLEEMNLPGRWKPKMIGGIGGFIKVRQYDQIPIEICGHKVIGTVLIGPTPVNIVGRDLMTQIGCTLNF"
59312,"PQITLWQRPLVTIKIGGQLKEALLDTGADDTVLEEMNLPGRWKPKMIGGIGGFIKVRQYDQIQVEICGHKATGTVLVGPTPVNIIGRNLLTQIGCTLNF"
59344,"PQITLWQRPIVTIKIGGQIKEALLDTGADDTVLEEMNLPGRWKPKIIGGIGGFIKVRQYDQVPIEICGHKAMSTVLIGPTPFNIIGRNLMTQLGCTLNF"
60082,"PQITLWQRPLVTIKIGGQLKEAILDTGADDTVLEEMNLPGRWKPKMIGGIGGFIKVGQYDQILIEICGHKAIGTVLVGPTPVNIIGRNLLTQIGCTLNF"
60084,"PQITLWQRPLVTIKIGGQLREALLDTGADDTVLEEMTLPGRWKPKMIGGIGGFIKVGQYDQIPIEICGHKAISTVLIGPTPINIIGRNLLTQLGCTLNF"
60090,"PQITLWQRPVVTIKIGGQLKEALLDTGADDTVFEEMNLPGRWKPKIIGGIGGFMKVRQYDQIPIEICGHKIIGTVLVGPTPVNIIGRNLMTQIGCTLNF"
60092,"PQITLWQRPIVTIKIGGQLKEALLDTGADDTVLEEMNLPGRWKPKIIGGIGGFVKVRQYDQIRIEICGHKVISTVLIGPTPANIIGRNLMTQIGCTLNF"
60098,"PQITLWQRPFVTIKIGGQIKQALLDTGADDTVFEELDLPGIWKPKIIGGIGGFVKVRQYDQVPVELFGRKAMGTVLIGPTPTDIIGRNLMTKIGCTLNF"
60102,"PQITLWQRPIVTIRIGGQLKEALLDTGADDTVFEDLDLPGRWTPKMIVGIGGFVKVRQYDQVPIEICGHKIKGTVLVGPTPANVIGRNLMTQLGCTLNF"
60104,"PQITLWQRPLVSIKIGGQLKEALLDTGADDTVLEEMNLPGRWKPKMIGGIGGFIKVRQYDQIPIEICGHKAIGTVLIGPTPVNIIGRNLLTQLGCTLNF"
60114,"PQITLWQRPIVTIKIGGQLKEALLDTGADDTVLEEMNLPGKWKPKMIGGIGGFIKVRQYEQIEIEICGHKAIGTVLIGPTPVNIIGRNLLTQLGCTLNF"
60639,"PQITLWQRPLVNIKIGGQLKEALLDTGADDTVLEDMSLPGRWKPKMIGGIGGFIKVRQYDQIQVEICGHKAIGTVLVGPTPVNIIGRNLLTQIGCTLNF"
60643,"PQITLWQRPIVTIKIGGQLKEALLDTGADDTVLEEMNLPGRWKPKMIGGIGGFIKVRQYDQIVIEICGHKAIGTVLVGPTPVNIIGRNLLTQIGCTLNF"
60717,"PQITLWQRPLVTIKIGGQLKEALLDTGADDTVFEELNLQGKWRPKIVGGIGGLVKVRQYDQVPIEICGHKVIGTVLVGPTPLNIIGRNLLTQLGCTLNF"
60805,"PQITLWQRPIITIRIGGQLVEALLDTGADDTVLEEMNLPGRWKPKMIGGIGGFIKVRQYDQIPIEICGHKIISTVLVGATPVNVIGRNVMTQLGCTLNF"
60857,"PQITLWQRPIVTIKVGGQLKEALLDTGADDTVLEEMNLPGRWKPKMIGGIGGFIKVRQYDQIVIEICGHKAIGTVLVGPTPVNIIGRNLLTQLGCTLNF"
61045,"PQITLWQRPLVTIKVGGQLKEALLDTGADDTVLEEMNLPGKWRPKMIGGIGGFIKVRQYDQIPIEICGHKAIGTVLVGPTPVNIIGRNLLTQLGCTLNF"
61095,"PQITLWQRPLVTIKIGGQLKEALLDTGADDTVLEEMNLPGRWKPKMIGGIGGFIKVRQYEEIPMEICGHKAVGTVLVGPTPVNIIGRNLLTQIGCTLNF"
61099,"PQITLWQRPLVTIKIGGQLKEALLDTGADDTVLEEMTLPGRWKPKMIGGIGGFIKVRQYDQIPIEICGHKAIGTVLVGPTPVNIIGRNLLTQIGCTLNF"
61105,"PQITLWQRPLVEIKIGGQLKEALLDTGADDTVLEEMNLPGRWKPKMIGGIGGFIKVRQYDQIPIEICGHKAIGTVLVGPTPVNIIGRNLLTQIGCTLNF"
61107,"PQITLWQRPLVTIKVGGQLKEALLDTGADDTVLEEINLPGRWKPKMIGGIGGFIKVRQYDQILIEICGHKAIGTVLVGPTPVNIIGRNLLTQIGCTLNF"
61113,"PQITLWQRPLVTIKVGGQLKEALLDTGADDTVLEEMNLPGRWKPKMIGGIGGFIKVRQYDQVPIEICGHKAVGTVLVGPTPVNIIGRNLLTQIGCTLNF"
61121,"PQITLWQRPLVTIKIGGQLKEALLDTGADDTVLEDMNLPGRWKPKMIGGIGGFIKVRQYEQIPIEICGQKTVGTVLIGPTPVNIIGRNLLTQIGCTLNF"
61131,"PQITLWQRPIITVKIGGQLKEALLDTGADDTVFEDMHLPGKWKPKLIGGIGGFVKVRQYDQIAIEICGHKVIGTVLVGPTPANVIGRNLLTQLGCTLNF"
61135,"PQITLWQRPIVTVKIGGQLREALLDTGADDTVFEDIDLPGRWKPKLIGGIGGFVKVRQYDQVPIEICEHKTVGTVLVGPTPANIIGRNLMTQLGCTLNF"
61147,"PQITLWQRPLVAIKIGGQLKEALLDTGADDTVLEEMNLPGRWKPKMIGGIGGFIKVRQYDQIPIEICGHKAVGTVLIGPTPVNIIGRNLLTQLGCTLNF"
61151,"PQITLWQRPLVTIKIGGQLKEALLDTGADDTVLEEMNLPGRWKPKMIGGIGGFIKVRQYDQIQIEICGHKAIGTVLVGPTPVNIIGRNLLTQIGCTLNF"
61155,"PQITLWQRPLVPIKIGGQIKEALLDTGADDTVLEDMNLPGRWKPKMIGGIGGFIKVRQYDQVPIEICGHNAIGTVLVGPTPVNIIGRNLLTQLGCTLNF"
66238,"PQITLWQRPLVTVKVGGQLKEALLDTGADDTVLEEMNLPGRWKPKMIGGIGGFIKVRQYDQILVEICGHKAIGTVLVGPTPVNIIGRNLLTQIGCTLNF"
66312,"PQITLWQRPIVTIKIGGQLREALLDTGADDTVLEDIDLPGRWKPKMIGGIGGFIKVKQYDQIPIEICGHKVISTVLVGPTPVNVIGRNLMTQLGCTLNF"
66640,"PQITLWQRPIVTVRIGGQIKEALLDTGADDTVLEDMQLPGRWKPKMIGGIGGFIKVKQYDQIPIEICGHKAIGTVLIGPTPVNIIGRNLLTQIGCTLNF"
66641,"PQITLWQRPIVTVRIGGQIKEALLDTGADDTILEDMQLPGRWKPKIIGGIGGLMKVKQYDQIPIEICGHKVISTVLIGPTPVNIIGRNVMTQIGCTLNF"
66642,"PQITLWQRPIVTVRIGGQIKEALLDTGADDTILEDLQLPGRWKPKIIGGIGGLMKVKQYDQIPIEICGHKVISTVVIGPTPVNIIGRNVMTQIGCTLNF"
66643,"PQITLWQRPIVTVRIGGQIREALLDTGADDTILEDIQLPGRWPPKIIGGIGGLMKVKQYDQIPIEICGHKVISTVLIGPTPVNIVGRNVMTQIGCTLNF"
66649,"PQITLWQRPLVTVKIGGQLKEALLDTGADDTVLEDINLPGRWKPKIIGGVGGFIKVRQYDQIPIEICGHKAIGTVLVGPTPINIIGRNLLTQIGCTLNF"
66650,"PQITLWQRPLVTVKIGGQLKEALLDTGADDTVLEDINLPGRWKPKIIGGVGGFIKVRQYDQVPIEICGHKVIGTVVVGPTPINIIGRNLLTQIGCTLNF"
66651,"PQITLWQRPIVTVKIGGQLREALLDTGADDTVLEDINLPGRWKPKIIGGVGGFIKVRQYDQVPIEICGHKVIGTVVVGPTPINIIGRNLLTQIGCTLNF"
66652,"PQISLWQRPLVTIKIGGQLKEALLDTGADDTVLEEMNLPGRWKPKIIGGVGGFIKVRQYDQIPIEICGQKAIGTVVVGPTPVNIIGRNLLTQIGCTLNF"
66653,"PQISLWQRPFVTIKIGGQLKEALLDTGADDTVLEEMNLPGRWKPKIIGGVGGFIKVRQYDQIPIEICGQKVIGTVVVGPTPVNIIGRNLLAQIGCTLNF"
66655,"PQITLWQRPIVTIKVGGQLKEALLDTGADDTVLEEIDLPGKWKPKIIGGIGGFVKVRQYDQVLVEICGHKAIGTVLVGPTPANIIGRNLLTQLGCTLNF"
66656,"PQITLWQRPIVTIKVGGQLREALLDTGADDTVLEEIDLPGKWKPKIIGGIGGFVKVRQYDQVLVEICGHKAIGTVVVGPTPANIIGRNLLTQLGCTLNF"
66657,"PQITLWQRPIVTIKVGGQLREALLDTGADDTVLEEIDLPGKWKPKIIGGIGGFVKVRQYDQVPVEICGHKAVGTVVVGPTPANIIGRNLLTQLGCTLNF"
66658,"PQITLWQRPIVTIKVGGQLKEALLDTGADDTVLEDINLPGKWKPKMIGGIGGFVKVRQYDQILIEICGHEVIGTVLVGPTPANIIGRNLLTQLGCTLNF"
66659,"PQITLWQRPIVTIKVGGQLREALLDTGADDTVLEDINLPGKWKPKMIGGIGGFVKVRQYDQIPIEICGHEVIGTVVVGPTPANIIGRNLLTQLGCTLNF"
66660,"PQITLWQRPIVTIKVGGQLREALLDTGADDTVLEDINLPGKWKPKIIGGIGGFVKVRQYDQVPIEICGHEVIGTVVVGPTPANIIGRNLLTQLGCTLNF"
66661,"PQITLWQRPLVQIKIGGQIKEALLDTGADDTVLEEMNLPGRWKPKMIGGIGGFIKVRQYDQILVEICGHKAIGTVLVGPTPVNIIGRNLLTQIGCTLNF"
66662,"PQITLWQRPIVQIKIGGQIKEALIDTGADDTVLEEMNLPGRWTPKIIGGIGGFVKVRQYDRIPIEICGHKVIGTVVVGPTPANIIGRNLLTQLGCTLNF"
66663,"PQITLWQRPIVQIKIGGQIKEALIDTGADDTVLEEMNLPGRWTPKIIGGIGGFVKVRQYDRVPIEICGHKVIGTVVVGPTPANIIGRNLLTQLGCTLNF"
66666,"PQITLWQRPVVPVRVEGQLREALLDTGADDTIFEDICLPGRWKPKMVGGIGGFLKVREYDQVHVEICGHKVIGTVVIGSTPANVIGRNLLSQIGCTLNF"
66668,"PQITLWQRPLVTIKIGGQLKEALLDTGADNTVLEEMNLPGRWKPKMIGGIGGFIKVRQYDQIPIEICGHKAIGTVLIGPTPVNIIGRDLMTQLGCTLNF"
66669,"PQITLWQRPIVTIKIGGQLKEALLDTGADDTVLEEMNLPGRWKPKMIVGIGGFVKVRQYDQIPIEICGHKVIGTVLVGPTPANIIGRNLMTQLGCTLNF"
66670,"PQITLWQRPFVTIKIGGQLKEALLDTGADDTVLEEMNLPGRWKPKMIGGIGGFIKVRQYDQIAIEICGHKVIGTVLVGPTPVNVIGRNLMTQIGCTLNF"
66672,"PQITLWQRPIVTIKIGGQLKEALLDTGADDTVFEELNLPGRWKPKMIGGVGGFIKVRQYDQILIEICGHKAIGTVLVGPTPVNIIGRNLLTQIGCTLNF"
66673,"PQITLWQRPIVTIKIGGQLKEALIDTGADDTVFEEINLPGRWKPKMIGGIGGFVKVRQYDQIPIEICGHKVIGTVLVGPTPANVIGRNLLTQIGCTLNF"
66674,"PQITLWQRPIVTIKIGGQLIEALLDTGADDTVLEEINLPGRWKPKIIGGIGGFIKVRQYDQIPIEICGHKVIATVLVGPTPTNVIGRNLMTQIGCTLNF"
66675,"PQITLWQRPFVTIKIGGQLKEALLDTGADDTVIEEINLPGRWKPKIIGGIGGFIKVRQYDQIPIEICGHKIIGTVLVGPTPVNVIGRDLMTQIGCTLNF"
66676,"PQITLWQRPIVTIKIGGQLREALIDTGADDTVFEEINLPGRWKPKLIGGIGGFLKVRQYDQICIEICGHKAIGTVLVGPTPANIIGRNLLTQIGCTLNF"
66677,"PQITLWQRPIVTIKIGGQLIEALLDTGADDTVLEEINLPGRWKPKMIGGIGGFVKVRQYEQIPIEICGHKIIGTVLVGPTPANVIGRNLMTQIGCTLNF"
66679,"PQITLWQRPIVTIKIGGQLKEALLDTGADDTVFEEMNLPGRWKPKIIGGIGGFVKVRQYDQIPIEICGHKVIGTVLVGPTPANVIGRNLMTQIGCTLNF"
66680,"PQITLWQRPVVTIKIGGQLTEALLDTGADDTVFEEINLPGRWKPKMIGGIGGFVKVRQYEQIPIEICGHKVISTVLVGPTPANVIGRNLMTQIGCTLNF"
66808,"PQVTLWQRPIVTIKIGGQLKEALLDTGADDTVLEEMSLPGRWKPKLIVGIGGFVKVREYDQIPIEICGHKVIGTVLIGPTPANIIGRNLMTQIGCTLNF"
66810,"PQVTLWQRPIVTIKIGGQLKEALLDTGADDTVFEEMSLPGRWKPKLIVGIGGFVKVREYDQIPIEICGHKVISTVLVGPTPANVIGRNLMTQIGCTLNF"
66811,"PQVTLWQRPIVTIKIGGQLREALLDTGADDTVLEEISLPGRWKPKLIVGIGGFTKVREYDQIPIEICGHKVIGTVLVGPTPANIIGRNLLTQIGCTLNF"
66812,"PQVTLWQRPFVTIKIGGQLREALLDTGADDTVIEEISLPGRWKPKLIGGIGGFVKVREYDQIPIEICGHKVIGTVLVGPTPCNIIGRNLMTQIGCTLNF"
68070,"PQITLWQRPIVTIKIGGQLIEALLDTGADDTVLEDINLPGKWKPKIIGGIGGFIKVRQYDQVPIEICGHKITSTVLVGPTPVNVIGRNLMTQLGCTLNF"
68071,"PQITLWQRPFITIKIGGQLIEALLDTGADDTVLEDINLPGKWKPKIIGGIGGFMKVRQYDQVPIEICGHKIIGTVLVGPTPVNVVGRNLMTQLGCTLNF"
68124,"PQITLWQRPIVTVKIGGQLKEALLDTGADDTVLEDINLPGKWKPKMIGGVGGFIKVRQYDQIPIEICGHKVIGTVLVGPTPVNIIGRNLLTQIGCTLNF"
68125,"PQITLWQRPIVTVKIGGQLKEALLDTGADDTVLEDINLPGKWKPKMIGGVGGFIKVRQYDQIPIEICGHKVIGTVLVGPTPVNIIGRSLLTQIGCTLNF"
68126,"PQITLWQRPIVTVKIGGQLKEALLDTGADDTVLEDINLPGKWKPKMIGGVGGFIKVRQYDQIPIEICGHKVIGTVLVGPTPVNIIGRNLMTQIGCTLNF"
68978,"PQITLWQRPIVTIKVAGQLREALLDTGADDTVLEDIDLPGRWKPKLIGGIGGFVRVKQYDQVPIEICGHKVIGTVVVGPTPANIIGRNLLTQLGCTLNF"
68992,"PQITLWQRPIVTIRVGGQLIEALLDTGADDTVLEEMNLPGIWKPKIIGGIGGFVKVRQYNQVPVEICGHKVIGTVLVGPTPTNVVGRNLLTQIGCTLNF"
73147,"PQITLWQRPVVTIKIGGQLKEALLDTGADNTVLEDVNLPGRWKPKMIGGIGGFIKVRQYDQIPIEICGHKVIGTVLVGPTPVNIIGRDLLTQLGCTLNF"
73177,"PQITLWQRPLVTVKIGGQLKEALLDTGADDTVLEDMNLPGRWKPKMIGGIGGFIKVRQYDQIPIEICGHKVIGTVLIGPTPVNIIGRNLLTQLGCTLNF"
73249,"PQITLWQRPFVTIKVGGQLKEALLDTGADNTVFEDLELPGRWTPKMIGGIGGFIKVRQYEQVPIEICGHKAIGTVLVGPTPVNVIGRDLMTQLGCTLNF"
73473,"PQITLWQRPLVTIKVGGQLKEALLDTGADDTVLEDMNLPGRWKPKMIGGIGGFIKVRQYDQIQIEICGHKAIGTVLIGPTPVNIIGRNLLTQIGCTLNF"
73536,"PQITLWQRPLVTVKIGGQLKEALLDTGADDTVLEEMNLPGRWKPKMIGGIGGFIKVRQYDQILIEICGPKAVGTVLVGPTPVNIIGRNLLTQIGCTLNF"
73546,"PQITLWQRPIVTIKIGGQLKEALLDTGADDTVLEDMNLQGRWKPKMIGGIGGFIKVRQYDEIPIEICGHKTIGTVLVGPTPVNIIGRNLLTQLGCTLNF"
73554,"PQITLWQRPVVTIKIGGQLREALLDTGADDTIFEDLDLPGRWKPKIVGGIGGFLKVRQYDQIPMEIEGHKVVGTVLVGPTPANIIGRNVMTQLGCTLNF"
73556,"PQITLWQRPFVTIKVGGQLVEAILDTGADDTVLEDIDLPGRWKPKIIGGVGGFIKVRQYDQIPIEICGHKVIGTVLVGPTPTNIVGRNVMTQIGCTLNF"
73558,"PQITLWQRPLVTIKIGGQLKEALLDTGADDTVLEEINLPGKWKPKMIGGIGGFIKVRQYEQVPIEICGHKVISTVLVGPTPVNIIGRNLMTQLGCTLNF"
73568,"PQITLWQRPILTVKVGGQLREALLDTGADDTIFEDINLPGRWTPKIVGGIGGLMKVKQYDQIPIEICGHKAISTVLIGPTPANIIGRNLLTQIGCTLNF"
73570,"PQITLWQRPFVSVKIGGQLTEALLDTGADDTILEDINLPGRWKPKMVGGIGGFLKVRQYDQIPVEICGHKVISTVLVGPTPVNIIGRNLMTQIGCTLNF"
75076,"PQITLWQRPIVPIRIEGQLTEALLDTGADDTVLEEINLSGRWKPKMIGGIGGFVKVRQYDQVTIEICDHKVIGTVLVGPTPANIIGRNLLTQLGCTLNF"
75066,"PQITLWQRPLVSIKIGGQLKEALLDTGADDTVLEEMNLPGRWKPKMIGGIGGFIKVRQYDQIPIEICGQKAIGTVLVGPTPVNIIGRNLLTQIGCTLNF"
75046,"PQITLWQRPLVTIKIGGQLKEALLDTGADDTVLEEMNLPGRWKPKMIGGIGGFIKVRQYDQIAIEICGHKAIGTVLVGPTPVNIIGRNLLTQIGCTLNF"
75112,"PQITLWQRPLVTIKIGGQLKEALLDTGADDTVLEEMNLPGKWKPKMIGGIGGFIKVRQYDQILIEICGHKAIGTVLVGPTPVNIIGRNLLTQIGCTLNF"
75114,"PQITLWQRPLVTIKIGGQLKEALLDTGADDTVLEDMDLPGRWKPKMIGGIGGFIKVRQYDQISIEICGHKAIGTVLVGPTPINIIGRNLLTQIGCTLNF"
75058,"PQITLWQRPLVTIKIGGQLKEALLDTGADDTVLEEMNVPGRWKPKMIGGIGGFIKVKQYEEIPIEICGHKVVGTVLIGPTPVNIIGRNLLTQLGCTLNF"
75060,"PQITLWQRPLVTIKIGGQLKEALLDTGADDTVLEEMNLPGRWKPKLIGGIGGFVKVRQYDQVLVEICGHKAIGTVLVGPTPANIIGRNLLTQIGCTLNF"
75130,"PQITLWQRPLVNIKIGGQLKEALLDTGADDTVLEEMSLPGRWKPKMIGGIGGFIKVRQYDQILIEICGHKAIGTVLVGPTPVNIIGRNLLTQIGCTLNF"
74962,"PQITLWQRPLVTIKIGGQLKEALLDTGADDTVLEDMNLPGRWKPKMIGGIGGFIKVRQYDQIPLEICGHKAIGTVLVGPTPVNIIGRNLLTQIGCTLNF"
74914,"PQITLWQRPFVTIKIGGQRMEALLDTGADDTVLKEINLPGKWKPKMIGGIGGFVKVRQYEQVPIEICGHKVIGTVLIGPTPSNIIGRNLMTQLGCTLNF"
74888,"PQITLWQRPIVTIKIGGQLREALIDTGADDTVIEDIDLPGKWKPKLISGIGGLVRVKQYDQIPVEICGHKAIGTVLVGPTPANIIGRNLLTQIGCTLNF"
74978,"PQITLWQRPFVTIKIGGQLKEALLDTGADDTVFEEMDLPGRWKPKIIGGIGGFVKVRQYDQIPIEICGHKVIGPVLVGPTPVNVIGRNLMTQLGCTLNF"
75788,"PQITLWQRPFVTVKIGGQIKEALIDTGADDTVFEEMNLPGRWKPKIIGGIGGFVRVRQYDQIPIEICGHKVIGTVVVGPTPANIIGRNLLTQLGCTINF"
77711,"PQITLWQRPIVTIKIGGQLKEALLDTGADDTVFEEMNLPGRWKPKLIGGIGGFVKVRQYDQIPIEICGHKVISTVLIGPTPVNVIGRNLMTQLGCTLNF"
78856,"PQITLWQRPLVTVKIGGQLKEALLDTGADDTVLEEINLPGKWKPKMIGGIGGFIKVRQYDKILIEICGHKAIGTVLVGPTPVNIIGRNLLTQIGCTLNF"
79040,"PQITLWQRPLVTIKIGGQLKEALLDTGADDTVLEDMTLPGRWKPKMIGGIGGFIKVRQYDQVPIEICGHKAIGTVLVGPTPVNIIGRNLLTQLGCTLNF"
79370,"PQITLWQRPLVTVRIGGQLKEALLDTGADDTVLEEMNLPGRWKPKMIGGIGGFIKVRQYDQILIEICGHKAIGTVLVGPTPVNIIGRNLLTQIGCTLNF"
79458,"PQITLWQRPIITIKVGGHIIEALLDTGADDTVLEEIDLPGRWKPKIIGGIGGFIRVRQYDQILIEICGHRVMGTVLVGDTPVNVIGRTLMTQIGCTLNF"
81781,"PQITLWQRPLVSIKIGGQLKEALLDTGADDTVLEEMNLPGRWRPKMIGGIGGFIKVRQYDQIPIEICGHKAIGTVLVGPTPVNIIGRNLLTQIGCTLNF"
81782,"PQITLWQRPLVSIKIGGQLKEALLDTGADDTVLEEMNLPGRWRPKIIGGIGGFIKVRQYDQIPIEICGHKAIGTVLVGPTPFNIIGRNLLTQIGCTLNF"
81783,"PQITLWQRPLVSIKIGGQLKEALLDTGADDTVLEEMNLPGRWRPKIIGGIGGFVKVRQYDHIPIEICGHKAIGTVLVGPTPFNIIGRNLLTQIGCTLNF"
81784,"PQITLWQRPLVTIKIGGQLKEALLDTGADDTVLEEMSLPGRWKPKMIGGIGGFIKVRQYDQIPIEICGHKAIGTVLIGPTPVNIIGRNLLTQLGCTLNF"
81785,"PQITLWQRPLVTIKIGGQLKEALLDTGADDTVLEEMSLPGRWKPKMIGGIGGFVKVRQYDQIPIEICGHKAIGTVLIGPTPTNIIGRNLLTQLGCTLNF"
81786,"PQITLWQRPLVTIKIGGQLKEALLDTGADDTVFQEMSLPGRWKPKMIGGIGGFVKVREYDQIPIEICGHKVIGTVLIGPTPANIIGRNLMTQLGCTLNF"
81787,"PQITLWQRPLVTIKIGGQLKEALLDTGADDTVLEEMELPGRWKPKMIGGIGGFIKVRQYEQILVEICGHKAIGTVLVGPTPVNIIGRNLLTQIGCTLNF"
81788,"PQITLWQRPLVTIKIGGQLKEALLDTGADDTVLEEMELPGRWKPKMIGGIGGFVKVRQYEQILVEICGHKAIGTVLVGPTPANIIGRNLLTQIGCTLNF"
81789,"PQITLWQRPLVTIKIGGQLKEALLDTGADDTVLEEMELPGRWKPKMIGGIGGIIKVRQYEQILVEICGHKAIGTVLVGPTPANIIGRNLLTQIGCTLNF"
81790,"PQITLWQRPLVTIKIGGQLKEALIDTGADDTVLEEMELPGRWKPKIIGGIGGFVKVRQYEQIPVEICGHKAIGTVLVGPTPANIIGRNLLTQIGCTLNF"
81793,"PQITLWQRPLVTIKIGGQLKEVLLDTGADDTVLEDMNLPGKWKPKMIGGIGGFIKVRQYDQVPIEICGHRVIGTVLVGPTPVNIIGRNLMTQIGCTLNF"
81795,"PQITLWQRPLVTVKIGGQLKEALLDTGADDTVLEEMNLPGRWKPKIIGGIGGFIKVRQYDQIPIEICGHKAIGSVLVGPTPTNIIGRNLLTQIGCTLNF"
81797,"PQVTLWQRPLVIIKIGGQLKEALLDTGADDTVVEEMNLPGRWKPRMIGGIGGFIKVKQYDQIPVEICGHKAIGTVLVGPTPVNIIGRNLLTQIGCTLNF"
81799,"PQITLWQRPLVTVKIGGQLTEALLDTGADDTVLEDINLPGRWKPKMIGGIGGFIKVRQYDQVPIEICGHKTIGSVLVGPTPVNIIGRNLMTKIGCTLNF"
81801,"PQITLWQRPLVTIKIGGQLREALLDTGADDTVLEDIDLPGRWKPKMIGGIGGLIKVRQYDQIPIEICGKKTVGTVLIGPTPANIIGRNLLTQIGCTLNF"
81803,"PQITLWQRPIVTVKIGGQLREALLDTGADDTVFNDMDLPGRWTPKMIMGIGGFSKVRQYDEVPVEICGHKAIGSVLIGPTPTNIIGRNLLTQIGCTLNF"
81805,"PQITLWQRPIITVKVGGQLREALLDTGADDTIFEDIDLPGRWTPKIIGGIGGLMKVKQYEQIPIEICGHELIGPVLVGPTPANVIGRNVMTQIGCTLNF"
81807,"PQITLWQRPLVTIKVGGQLREALLDTGADDTVLEDIDLPGRWKPKMIGGIGGLIKVRQYDQVPIEICGKKTVGTVLIGPTPANIIGRNLLTQIGCTLNF"
81809,"PQITLWQRPIVTVKIGGQIKEALIDTGADDTVFQEINLPGRWTPKIIGGIGGLVRVRQYDQIPIEICGHKVIGTVLVGPTPANVIGRNLLAQIGCTLNF"
81811,"PQITLWQRPLVTIKVGGQLREALLDTGADDTVLEDIDLPGRWKPKMIGGIGGLIKVRQYDQIPIEICGKKTVGTVLIGPTPANIIGRNLLTQIGCTLNF"
81813,"PQITLWQRPILTVKVAGQLKEALLDTGADDTIFQDINLPGRWTPKIVGGIGGLLRVRQYEQVPIEVCGHKIITTVLIGPTPVNVIGRNLMTQLGCTLNF"
81815,"PQITLWQRPIVTIKIAGQLKEALLDTGADDTVFEEMNLPGKWTPKLIGGIGGLIKVRQYDEVPIEICGHKVIGPVLIGPTPANIIGRNLMTQLGCTLNF"
81817,"PQITLWQRPVVTIKIGGQLREALLDTGADDTIFEDIDLPGRWKPKIIGGIGGLLKVRQYDQIPMEIEGHKVVGTVLVGPTPADIIGRNVMTQLGCTLNF"
81819,"PQITLWQRPVVTVKVGGQIKEALLDTGADDTVFTELNLPGKWKPKIVGGIGGFVRVRQYDHVPIEICGHKTEATVLIGPTPCNILGRNLMTQLGCTLNF"
81821,"PQITLWQRPIVTIKIGGQLKEALLDTGADDTVLEDISLPGKWKPKMIGGIGGFIKVRQYDQVPMEICGHKVIGTVLVGPTPVNVIGRNLMTQLGCTLNF"
81823,"PQITLWQRPIVTIKLGGQIKEALLDTGADDTVLEDINLPGKWKPKIIGGIGGFIRVRQYDQVPIEICGHKTTGTVLVGPTPVNVVGRNLMTQIGCTLNF"
81831,"PQITLWQRPLVTIKIGGQLKEALLDTGADDTILEEMNLPGRWKPKIIGGIGGFIRVRQYDQIPIEICGHKVIGTVLVGPTPANIIGRNLMTQIGCTLNF"
81835,"PQITLWQRPLVSIRIGGQLKEALLDTGADDTVLEEMNLPGKWKPRMIGGLGGFIKVRQYDQIAIEICGQKVIGTVLIGPTPVNIIGRNLLTQIGCTLNF"
81837,"PQITLWQRPVVTVKVGGQLREALFDTGADDTVFEDIELPGRWKPKMIGGIGGFVKVRQYDQVPIEICGHEVIGTVLVGPTPANIIGRNLMTQLGCTLNF"
81839,"PQITLWQRPLVTIKIGGQLKEALLDTGADDTVLEEMSLPGRWKPKMIGGIGGFIKVRQYDQIPIEICGHKAEGTVLIGPTPVNIIGRNLLTQIGCTLNF"
81843,"PQITLWQRPYVTIKIGGQLIEALLDTGADDTVLEDIDLPGRWKPKMIGGIGGFLKVKQYDQIPIEVCGHKVISTVLVGPTPVNVVGRNLMTQIGCTLNF"
81847,"PQITLWQRPFVTIKVGGQLREALIDTGADDTVLEDIELPGRWKPKIIGGIGGFVKVRQYDQVTVEICGHKAIGPVLVGPTPVNVIGRNMLTQIGCTLNF"
81849,"PQITLWQRPIVTIKIGGQLKEALLDTGADDTVLEEMNLPGRWKPKIIGGIGGFIKVREYDQVPIEICGHKVITTVLIGPTPANIVGRNLMTQLGCTLNF"
81851,"PQITLWQRPLVPIRIEGQLKEALLDTGADDTVIEEMSLSGRWKPKMIGGIGGFIKVKQYEQIPIEICGHKAIGTVLVGPTPVNIIGRNLLTQLGCTLNF"
81853,"PQITLWQRPLVTIKIGGQLKEALLDTGADDTVVEEMNLPGRWKPKMIGGIGGFIKVRQYDQVPIEICGHKAIGTVLVGPTPVNIIGRNILTQIGCTLNF"
81855,"PQITLWQRPLVTIKIGGQLKEALLDTGADDTVLEEMNLPGRWKPKMIGGIGGFIKVRQYDQIPIEICGQKAIGTVLIGPTPVNIIGRNLLTQIGCTLNF"
81857,"PQITLWQRPVVTIKIGGQLKEALLDTGADDTVLEEIDLPGRWKPKMIGGIGGFIKVRQYDQIPIEICGQKAIGTVLVGPTPVNIIGRNLLTQLGCTLNF"
81859,"PQITLWQRPLVTIKIGGQLKEALLDTGADDTVLEEMSLPGRWKPKMIGGIGGFIKVRQYDQILIEICGHKAVGTVLVGPTPVNIIGRNLLTQIGCTLNF"
81861,"PQITLWQRPLVTIKIGGQLKEALLDTGADDTVIEEMTLSGKWKPKMIGGIGGFIKVRQYEQIPVEICGYKAIGTVLVGPTPVNIIGRNLLTQIGCTLNF"
81863,"PQITLWQRPLVTIKIGGQLKEALLDTGADDTVLEEMNLPGRWKPKMIGGIGGFIKVRQYDQVLIEICGQKTIGTVLIGPTPVNIIGRNLLTQIGCTLNF"
81865,"PQITLWQRPLVTIKIGGQLKEALLDTGADDTVLEEMNLPGRWKPKMIGGIGGFIKVREYDQIPIEICGHRAIGTVLVGPTPVNIIGRNLLTQIGCTLNF"
81867,"PQITLWQRPFVTIKIGGQLKEALLDTGADDTVLEEMNLPGRWKPKLIGGIGGFVKVREYEDIPIEICGHKTRGTVLIGPTPANIIGRNLMTQLGCTLNF"
81869,"PQITLWQRPIVTIKIGGQLKEALIDTGADDTVLEEMNLPGRWKPKMIGGIGGFIKVRQYDQIPVEICGHKALGTVLIGPTPANIIGRNLLTQIGCTLNF"
81871,"PQITLWQRPIVTIKIGGQLKEALIDTGADDTVFEDINLPGPWKPRIIGGLGGFIKVRQYDQIPVEICGYKVIGTVLVGPTPSNIIGRNLLTQLGCTLNF"
81879,"PQITLWQRPLVTIRIGGQLKEALLDTGADDTVLEEMNLPGKWKPKMIGGIGGFIKVRQYDQIPIEICGHKTEGTVLIGPTPVNIIGRNLLTQLGCTLNF"
81895,"PQITLWQRPIVTIKIGGQLKEALLDTGADDTIFEEMNLPGRWTPKIIGGIGGFMKVRQYEQIPMEICGHKVIGTVLVGPTPANIIGRNMMTQLGCTLNF"
81901,"PQITLWQRPIVKIKIGGQLKEALLDTGADDTVFEEMNLPGKWTPKIIGGLGGFVRVRQYDQVPIEICGHKVLTTVLIGPTPANIIGRNLMTQLGFTLNF"
81915,"PQITLWQRPLVTIKVGGQLKEALLDTGADDTVLEEMDLPGRWKPKMIGGIGGFIKVRQYDQILIEICGHKAIGTVLVGPTPVNIIGRNLLTQLGCTLNF"
81943,"PQITLWQRPFVTIKIGGQLKEALLDTGADDTVLEEMNLPGRWKPKIIGGIGGFVKVRQYDQIPIEICGHKVIGTVLIGPTPANIIGRNLLTQIGCTLNF"
81945,"PQITLWQRPFVTIKIGGQLKEALLDTGADDTVLEEMNLPGRWKPKIIGGLGGFVKVRQYDQIPIEICGHKVISTVLIGPTPANIIGRNLLTQIGCTLNF"
82135,"PQITLWQRPIVTIKVGGQLKEAILDTGADDTVLEEMNLPGRWKPKLIGGIGGLVKVRQYDQVVIEICGRKVKGTVVVGPTPANIIGRNMLTQLGCTLNF"
86662,"PQITLWQRPIVTIKIGGQLREALLDTGADDTVLEDIDLPGKWKPKIIGGIGGFVKVRQYDQVPIEICGHKAIGTVLVGPTPANIIGRNLMTQLGFTLNF"
86676,"PQITLWQRPIVTIKIGGQLREALLDTGADDTVLEDINLPGRWTPKMVMGIGGLVKVRQYDQVPIEFCGHKVIGTVLVGPTPTNVIGRNLLTRIGCTLNF"
86690,"PQITLWQRPFVTVKIGGQLIEALIDTGADDTVLEEINLPGRWKPKIIGGIGGFVKVRQYEQIPVEVCGHKTTCTVLVGPTPVNVIGRNLLSQIGCTLNF"
86834,"PQITLWQRPIVTIKIGGQIREALLDTGADDTVLDDINLPGKWKPKIVGGIGGFMKVRQYDQIPIEICGHKTIGTVLVGPTPVNVVGRNLMTQLGCTLNF"
89032,"PQITLWQRPFVTIKVGGQLIEALLDTGADDTVLEEINLPGRWKPKIVGGIGGFVKVRQYDQVPIEICGHKVTSTVLVGPTPVNVVGRNLMTQLGCTLNF"
89038,"PQITLWQRPIVTVKIGGQLKEALIDTGADDTVFEELNLPGRWTPKIIGGIGGFVKVRQYEQVPIEICGHKVIGSVLVGPTPADIIGRNLLTQLGCTLNF"
89052,"PQIPLWQRPVVTVKIGGQIKEALLDTGADDTVFEDICLPGRWKPKIIGGIGGFIKVRQYDQIPIEICGHKTIGTVLVGPTPVNVIGRDLLTRLGCTLNF"
89938,"PQITLWQRPVVTIKIGGQLKEALLDTGADDTVLEEINLPGRWTPKMIVGIGGFVKVRQYDQVLVEICGHKAIGSVLVGPTPANIIGRNLLTQIGCTLNF"
89942,"PQITLWQRPIVTIKVAGQLREALLDTGADDTILEEINLPGRWKPKIIGGIGGLVRVREYDQIPIEICGHKVVGTVVVGPTPANIIGRNLMTQLGCTLNF"
89948,"PQITLWQRPIVTVKIGGQLKEALLDTGADDTVFEDMNLPGRWTPKMIGGIGGFLKVRQYDQIPLEICGHKAIGTVLIGPTPVNIIGRNLMTQIGCTLNF"
89954,"PQITLWQRPFVTVKIGGQLREALLDTGADNTVFEEIDLPGKWKPKIIGGIGGFLKVRQYDQIPLEVCGHKTTGTVLVGPTPVNVIGRDLMTQLGFTLNF"
89962,"PQITLWQRPIVIIKIGGQLKEALLDTGADDTVLEEMDLPGRWKPKLIVGIGGFIKVKQYDQIQVEICGHKVTGTVLVGPTPANVIGRNLLTQIGCTLNF"
89964,"PQITLWQRPIVTIKIGGQLKEALLDTGADDTVLEDINLPGKWKPKMIGGIGGFIKVRQYDQVPIEICGHKVIGPVLVGPTPVNIIGRNLMTQLGCTLNF"
89968,"PQITLWQRPFVTVKIGGQLREALLDTGADDTIFEEINLPGRWKPKMIGGIGGFIKVRQYDQIPIEICGHKVIGTVLVGPTPANIIGRNLMTQIGCTLNF"
89982,"PQITLWQRPIVTIKVGGQLKEALFDTGADDTVFEDMNLPGKWKPKIIGGIGGFVKVRQYDQVPIEICGHKVISTVLVGPTPANIIGRNLMTQLGCTLNF"
89986,"PQITLWQRPIVTIKIGGQLKEALFDTGADDTVLEEMNLPGRWKPKIIGGIGGFIKVRQYEQVPIEICGHKVVSTVLIGPTPVNIIGRNLMTQLGCTLNF"
89988,"PQITLWQRPIVTIKIGGQLKEALLDTGADDTVLEDMNLPGRWTPKMIGGIGGFMKVRQYEQVPIEICGHKAVGTVLVGPTPMNIIGRNLMTQLGCTLNF"
90010,"PQISLWQRPHVTVKIGGQLKEALLDTGADDTVLEDVSLPGRWKPKIIGGIGGFIKVRQYDQVPVEICGHKVIGTVLVGPTPVNIIGRNLMTQLGCTLNF"
98595,"PQITLWQRPIVTIKIGGQLKEALLDTGADDTVLEEMNLPGRWKPKIIGGIGGFIKVRQYDQIPIEICGHKVIGTVVVGPTPVNAIGRNLLTQIGCTLNF"
98598,"PQITLWQRPIVTIKIGGQLTEALLDTGADDTVLEEMNLPGRWKPKMIGGIGGFIKVREYDQILIEICGHKAIGTVLVGPTPINCIGRNLLTQIGCTLNF"
98599,"PQITLWQRPIVTIKIGGQLKEALIDTGADDTVLEEMNLPGRWKPKMIGGIGGFIKVRQYDQIHIEICGHKAIGTVLVGPTPVNCIGRNLLTQIGCTLNF"
98600,"PQITLWQRPIVTIKIGGQLKEALLDTGADDTVLEEMNLPGRWKPKIIGGIGGFIKVRQYDQIPIEICGHKVIGTVLIGPTPVNAIGRNLLTQIGCTLNF"
98601,"PQITLWQRPFVTIKIGGQLIEALLDTGADDTVLEEMNLPGRWKPKIIGGIGGFMKVRQYDQIPIEICGHKVITTVLIGPTPVNAIGRNLLTQIGCTLNF"
98603,"PQITLWQRPIVTIKIGGQLKEALLDTGADDTVFEEMNLPGRWKPKIIGGIGGFVKVRQYDQIPIEICGHKVIGTVVVGPTPVNAIGRNLLTQIGCTLNF"
98605,"PQITLWQRPIVTIKIGGQLKEALLDTGADDTVLEEMNLPGRWKPKIVGGIGGFIKVRQYDQIPIEICGHKVIGTVVVGPTPVNAIGRNLLTQIGCTLNF"
103191,"PQITLWQRPLVKIKIGGQLKEALLDTGADDTVLEEMNLPGRWKPKMIGGIGGFIKVRQYDQILIEICGHKAIGTVLVGPTPVNIIGRNLLTQIGCTLNF"
103235,"PQITLWQRPIVTIKVGGQIREALLDTGADDTVLEDIELPGKWKPKMIGGIGGFVKVREYNQVPIEICGHRVISTVLVGPTPANIIGRNLMTQLGCTLNF"
105310,"PQITLWQRPFVTVKIGGQLREALLDTGADNTVIEDINLPGRWKPKLIGGIGGFVKVKQYDQIPIEICGHKVIGTVLVGPTPANIIGRDLMTQLGCTLNF"
105316,"PQITLWQRPIVTIKIGGQLIEALLDTGADDTVLEDINLPGRWTPKMIMGIGGFVKVRQYDQIQVEICGRKVVGTVLVGQTPVNVVGRNLMTQLGCTLNF"
105350,"PQITLWQRPIVTIKVGDQWIEALLDTGADDTVLEEINLPGRWKPKIVGGIGGFVKVRQYDQVPIEICGHKVNTTVLVGPTPVNVVGRNLMTQLGCTLNF"
108903,"PQITLWQRPVVTVKIGGQLKEALLDTGADDTVLEEMSLPGRWKPKIIGGIGGFIKVRQYDQIPIEICGHKTIGTVLIGPTPVNIIGRNLMTQIGCTLNF"
109157,"PQITLWQRPLVTIKVGGQLKEALLDTGADDTVLEEINLPGRWKPKMIGGIGGFIKVRQYDQILIEICGHKAVGTVLVGPTPVNIIGRNLLTQIGCTLNF"
109396,"PQITLWQRPLVTIKIGGQLKEALLDTGADDTVLEEMNLPGRWKPKMIGGIGGFIKVRQYDQILIEICGHKAIGTVLIGPTPVNIIGRNLLTQLGCTLNF"
109398,"PQITLWQRPLVRIKVGGQIKEALLDTGADDTVLEEMNLPGKWKPKMIGGIGGFIKVRQYDQILIEICGYKAIGTVLVGPTPVNIIGRNLLTQIGCTLNF"
109400,"PQITLWQRPLVTIKIGGQLKEALLDTGADDTVFEEMNLPGRWTPKMIGGIGGFIKVRQYDQICIEICGQKAIGTVLIGPTPVNIIGRNLLTQIGCTLNF"
109404,"PQITLWQRPLVTIKIGGQLKEALLDTGADDTVLEEMNLPGRWKPKMIGGIGGFIKVKQYDQIPIDICGHKAIGTVLVGPTPVNIIGRNLLTQIGCTLNF"
109410,"PQITLWQRPLVTIKIGGQLKEALLDTGADDTVLEDINLPGKWKPKMIGGIGGFIKVRQYDQVPIEICGHKAIGTVLIGPTPVNIIGRNLLTQLGCTLNF"
109414,"PQITLWQRPLVTVKIGGHLKEALLDTGADDTVLEEMNLPGRWKPKMIGGIGGFIKVRQYDQIPIEICGHKAIGTVLVGPTPVNIIGRNLLTQIGCTLNF"
109444,"PQITLWQRPLVTIRIGGQLKEALLDTGADDTVVEEMNLPGKWKPKMIGGIGGFIKVRQYDQILVEICGHKAIGTVLVGPTPVNIIGRNLLTQIGCTLNF"
109446,"PQITLWQRPLVAVKIGGQLKEALLDTGADDTVLEEMNLPGRWKPKMIGGIGGFIKVRQYDQIPIEICGHKAIGTVLVGPTPVNIIGRNLLTQIGCTLNF"
109464,"PQITLWQRPLVTIKIGGQLKEALLDTGADDTVLEEMNLPGRWKPKLIGGIGGFIRVRQYDQIPIEICGYKTIGTVLVGPTPVNVIGRNLMTQIGCTLNF"
109472,"PQITLWQRPLVTIKIGGQLKEALLDTGADDTVIEEMNLPGRWKPKMIGGIGGFIKVRQYDQVTLEICGHKVTGTVLVGPTPVNIIGRNLLTQLGCTLNF"
109476,"PQITLWQRPLVTIKIGGQLKEALLDTGADDTVLEEMNLPGRWKPKMIGGIGGFIKVRQYDQIPIEICGQRAIGTVLIGPTPVNIIGRNLLTQIGCTLNF"
109482,"PQITLWQRPLVTVKIGGQLKEALLDTGADDTVLEEMTLPGRWKPKMIGGIGGFIKVRQYDQIEVDICGHKAIGTVLIGPTPVNIIGRNLLTQIGCTLNF"
109484,"PQITLWQRPLVTIKIGGQLKEALLDTGADDTVLEEMNLPGRWKPKMIGGIGGFIKVRQYDQIPIEICGHKATGTVLIGPTPVNIIGRNLLTQLGCTLNF"
113050,"PQITLWQRPFVTVKIGGQITEALLDTGADDTILENINLPGRWKPKIIQGIGGFLKVRQYDQIPIEIEGHKVIGSVVVGPTPVNVIGRNVMSQLGCTLNF"
113060,"PQITLWQRPFVTVKIGGQLREALLDTGADNTIFEEIDLPGRWKPKIIGGIGGFLKVRQYDQIPLEVCGHKTTGTVLVGPTPVNVIGRDMMTQLGFTLNF"
113194,"PQITLWQRPIVTIKVGGQLKEALLDTGADDTVLEEMNLPGRWKPKMIGGIGGFIKVRQYDQITIEICGHKAIGTVLVGPTPVNIIGRNLLTQLGCTLNF"
115077,"PQITLWQRPIVTVKIGGQVTEALLDTGADDTVLEEMNLPGRWKPKIIGGIGGFVKVRQYDQVPIEICGHKVLSTVLVGPTPTNIIGRNLMTQIGCTLNF"
115079,"PQITLWQRPFVTIKIGGQIREAILDTGADDTVLEDINLPGKWKPKIIGGVGGLVKVRQYDQIPVEVCGHKIITTVLVGPTPVNIIGRNLMTQLGCTLNF"
115081,"PQITLWQRPIVTIKIGGQLREALLDTGADDTVLEDIDLPGRWKPKLIVGIGGFVKVRQYEQVPIEICGHKVVGTVLIGPTPSNIIGRNLMTQLGCTLNF"
115751,"PQITLWQRPIVTIKIGGQLKEALLDTGADDTVLEEMNLPGRWSPKIIGGIGGFVKVKQYDQVPIEICGHKVITTVLIGPTPFNIIGRNLMTQLGCTLNF"
116493,"PQITLWQRPLVTIKIGGQLKEALLDTGADDTVLEEMNLPGRWKPKMIGGIGGFIKVRQYDQIPIEICGHTAIGTVLVGPTPVNIIGRNLLTQLGCTLNF"
116495,"PQITLWQRPLVTIKIGGQLKEALLDTGADDTVLEEMNLPGRWKPKMIGGIGGFIKVRQYDQITIEICGHKAIGTVLIGPTPVNIIGRNLLTQIGCTLNF"
116499,"PQITLWQRPLVTIKIGGQLKEALLDTGADDTVLEEMDLPGRWKPKMIGGIGGFIKVRQYEQVPIEICEHKAIGTVLIGPTPVNIIGRNLLTQLGCTLNF"
116501,"PQITLWQRPLVTIRIGGQLKEALLDTGADDTVLEEMDLPGKWKPKMIGGIGGFIKVRQYDQVAIEICGHKAIGTVLIGPTPVNIIGRNLLTQLGCTLNF"
116507,"PQITLWQRPLVAIKVGGQLKEALLDTGADDTVLEEMNLPGKWKPKMIGGIGGFIKVRQYDQVPIEICGHKAIGTVLIGPTPVNIIGRNLLTQLGCTLNF"
116509,"PQITLWQRPLVTIKIGGQLKEALLDTGADDTVLEEMYLPGKWKPKMIGGIGGFIKVKQYDQILIEICGHKAIGTVLIGPTPVNIIGRNLLTQLGCTLNF"
116511,"PQITLWQRPIITVKIGGQLKEVLLDTGADDTILEEMNLPGKWKPKIIGGIGGFIRVRQYDQVPVEICGQKVIGTVLVGPTPANVIGRNLLTQIGCTLNF"
116515,"PQITLWQRPLVTVKIGGQLKEALLDTGADDTVLEEMNLQGRWKPKMIGGIGGFIKVRQYDQVPIEICGHKAIGTVLIGPTPVNIIGRNLLTQIGCTLNF"
116521,"PQITLWQRPIVTVKIGGQLKEALLDTGADDTVFEEMNLPGKWKPKLIGGIGGFVRVREYEEIPIEICGHKTTCTVLVGPTPANVIGRNLMTQIGCTLNF"
116912,"PQITLWQRPLVTVRVAGQLKEALLDTGADDTVLEDMDLPGRWKPKMIGGIGGFIKVRQYDQIPIEICGHKAIGTVLVGPTPVNIIGRNLLTQIGCTLNF"
116922,"PQFTLWQRPIVTIKIGGQLREALLDTGADDTIFKDIDLPGKWEPRMIGGIGGFMKVRQYKQIPIEICGHKVTGTVLIGPTPVNVIGRNLMTQLGCTLNF"
117003,"PQITLWQRPFVTIKIGGQLKEALLDTGADDTVLEEMNLPGRWKPKIIGGIGGFIKVKQYDQVPIEICGHKTIGTVLVGPTPVNVIGRNLMTQLGCTLNF"
117011,"PQITLWQRPIVTIKIGGQLREALIDTGADDTVFEDIDLPGRWKPKLIGGIGGFVKVRQYDQIPIEICGHKTIGTVLVGPTPANIIGRNLLSQIGCTLNF"
117047,"PQITLWQRPIVTVKIGGQLIEALLDTGADDTVVEEMNLPGRWKPKLIGGIGGFIKVRQYDQIPIEICGHKTVGKVLVGPTPVNIVGRDLMTQLGCTLNF"
117049,"PQITLWQRPLVTIKIGGQLKEALLDTGADDTVLEEMNLPGRWKPKMIGGIGGFIKVKQYEQIPVEICGHKAICTVLIGPTPVNIIGRNLMTQIGCTLNF"
117061,"PQITLWQRPVVTVKVAGQLREALLDTGADDTIFEEINLPGRWTPKIVGGIGGFMKVRQYDQIPIEICGHKVIGTVLVGPTPTNIIGRNLMTQIGCTLNF"
117079,"PQITLWQRPLVTIKIGGQLKEALLDTGADDTVLEEMNLPGRWKPKMIGGIGGFIKVRQYDQVHIEICGHKAIGTVLVGPTPVNIIGRNLLTQIGCTLNF"
117109,"PQITLWQRPIVTIKIGGQLREALLDTGADDTILEDINLPGRWTPKIVGGIGGLIKVRQYDQIPIEICGHKTVGTVLLGPTPCNIIGRNLMTQLGCTLNF"
117133,"PQITLWQRPVVVVKVGGQLMEALLDTGADDTIFEEMNLPGRWTPKIVGGIGGFMKVRQYENVPIEIYGKKILSTVLIGPTPANIIGRNVMTQIGCTLNF"
117135,"PQITLWQRPIVTVKIGGQLIEALLDTGADDTVVEDITLPGRWKPKIIGGIGGFVKVREYDQVPIEICGHKVIGPVLVGPTPLNIIGRNLMTQLGCTLNF"
117136,"PQITLWQRPIVTIKIGGQLKEALLDTGADDTVLEEMDLPGRWKPKIIGGIGGFIKVRQYDQIPIEICGHKTVGTVLIGPTPVNVVGRNIMTRLGCTLNF"
117137,"PQITLWQRPRVTIKIGGQLKEALLDTGADDTILEEMHLPGKWKPKIVGGLGGFIKVRQYDQIPIEICGHKIVGTVLIGPTPTNIIGRNLMTQLGCTLNF"
117138,"PQITLWQRPIVEIKIGGQLIEALLDTGADDTVLEDMNLPGRWKPKMIGGIGGFIKVRQYDQVPIEICGHKVISTVLIGPTPVNIIGRNLMTQIGCTLNF"
117139,"PQITLWQRPIVTIKIGGQLKEALLDTGADDTVLEEMDLPGRWKPKMIVGIGGLVKVRQYDQIPIEICGHKTIGTVLIGPTPANIIGRNLMTQLGCTLNF"
117141,"PQITLWQRPIVTVKIGGQVKEALIDTGADDTIFEEMNLPGRWEPKLIGGIGGFVKVRQYEQIPIEICGHKVVGTVLVGPTPANVIGRNLLTQIGCTLNF"
117142,"PQITLWQRPIVTVKVGGQVKEALIDTGADDTIFEEMNLPGRWEPKLIGGIGGFLKVRQYEQIPIEICGHKVVGTVLVGPTPANVIGRNLLTQIGCTLNF"
117143,"PQITLWQRPIITIKVGGQLKEVLIDTGADDTVLDEINLPGRWKPKMIGGIGGFVKVRQYDQVPIEICGHKVIGTVLVGPTPANVIGRNLLSQIGCTLNF"
117145,"PQITLWQRPIVTIKIGGQLIEALLDTGADDTVLEDINLPGRWKPKIIGGIGGFIKVRQYDQVPVEICGHKVVGTVVVGPTPVNIIGRNLMTQLGCTLNF"
117146,"PQITLWQRPIVTIKIGGQLKEALIDTGADDTVLEEMNLPGKWKPKIIGGIGGFVKVRQYDQILVEICGHKAIGTVLIGPTPANIIGRNLLTQIGCTLNF"
117147,"PQITLWQRPIVTVKIGGQLTEALLDTGADDTVLEEMNLPGRWKPKMIGGIGGFIKVRQYEQIPIEIDGHKVIGTVLIGPTPVNIIGRNLMTQLGCTLNF"
123039,"PQITLWQRPIVTIKIGGQLKEALLDTGADDTVFEDINLPGRWKPKMIVGIGGFTKVRQYDQIPIEICGRKIIGTVLVGPTPANVIGRNLLTQLGCTLNF"
123041,"PQITLWQRPIVTIKIGGQLKEALLDTGADDTVFEDINLPGRWTPKMIVGIGGFTKVRQYDQIPIEICGRKIIGTVLVGPTPANVIGRNLLTQLGCTLNF"
143334,"PQITLWQRPFVTIKIGGQLKEALLDTGADDTVFEDINLPGRWKPKMIGGIGGFLKVRQYDQVPIEICGHKVISTVLVGPTPVNVIGRNLMTQIGCTLNF"
143344,"PQITLWQRPIVTIKVGGQLKEALIDTGADDTVLEEMNLPGRWKPKLIGGIGGFVKVRQYDQIPIEICGHKVIGTVLIGPTPANVIGRNLLTQIGCTLNF"
143453,"PQITLWQRPIVTIKIGGQLKEALLDTGADDTVLEEMNLPGRWKPKLIGGIGGFIKVRQYDQVPIEICGHKAIGTVLVGPTPVNIVGRNLMTQLGCTLNF"
143455,"PQITLWQRPIVTIKIGGQLKEALIDTGADDTVLEEMNLPGRWKPKLIVGIGGFVKVRQYDQIPIEICGHKVIGTVLIGPTPANIIGRNLLTQIGCTLNF"
143457,"PQITLWQRPIVTIKIGGQLREALLDTGADDTVIEEINLPGRWKPKMIGGIGGFVKVREYEQIPIEICGHKVIGTVLVGPTPLNVIGRNLMTQLGCTLNF"
143459,"PQITLWQRPIVTIKIGGQLKEALLDTGADNTVFEEMNLPGRWKPKLIGGIGGLLKVREYDQIPIEICGHKTISTVLIGPTPVNIIGRDLLTQIGCTLNF"
143461,"PQITLWQRPIVTIKIGGQLKEALLDTGADDTVFEEMNLPGRWKPKIIGGIGGLLKVRQYDQVPIEICGHKVIGPVLVGPTPVNVIGRNLMTQLGCTLNF"
143463,"PQITLWQRPFVTVKIGGQLKEALLDTGADDTIIEEINLPGRWKPKMIGGIGGFVKVRQYDQIPIEICGHKIIGTVLVGPTPVNIVGRNLMTQIGCTLNF"
143467,"PQITLWQRPIVTIKVGGQLKEALLDTGADDTVLEEMNLPGRWKPKMIGGIGGFLKVRQYDQVPIEICGHKAIGTVLVGPTPVNIIGRNLLTQLGCTLNF"
143474,"PQITLWQRPLVTVKIGGQLKEALLDTGADNTVLEEMNLPGRWTPKIIGGIGGFIKVRQYEEIPIEICGHKAIGTVLIGPTPVNIIGRNLLTQLGCTLNF"
143475,"PQITLWQRPVVTVKIGGQLTEALLDTGADDTVFEEMNLPGRWKPKIIGGIGGFIKVREYDQVPIEICGHKAIGTVLIGPTPVNIIGRGLLTQIGCTLNF"
143487,"PQITLWQRPFVTIKIAGQIREALLDTGADDTVFEDLDLPGRWTPKLIGGIGGFVRVKQYEQVPIEICGHKVIGTVLVGPTPANVIGRNLMTQLGCTLNF"
143488,"PQITLWQRPFVTVKIAGQVKEALLDTGADDTVFQEMNLPGRWIPKLIGGIAGFMKVRQYDQIPMEICGHKVMATVLVGPTPVNVIGRNLMTQIGCTLNF"
144045,"PQITLWQRPFIPVKVGGQPIEALLDTGADDTVLEGINLPGRWKPKIIGGIGGFVKVRQYDQIPIEICGHKVLSTVLVGPTPVNVIGRNLMTQLGCTLNF"
145202,"PQITLWQRPLVTIKIGGQLKEALLDTGADDTVLEEMNIPGRWRPKMIGGIGGFIKVRQYDQVPIEICGHKAIGTVLIGPTPVNIIGRNLLTQLGCTLNF"
145206,"PQITLWQRPIVTIKIGGQLKEALLDTGADDTVLEEMSLPGRWKPKIIGGIGGFIKVRQYDQVPIEICGHKVIGPVLIGPTPVNVIGRNLMTRLGCTLNF"
145681,"PQITLWQRPLVTVKIGGQLKEALLDTGADDTVLEEMNLPGKWKPKMIGGIGGFIKVRQYDQIPIEICGRKAIGTVLVGPTPVNIIGRNLLTQLGCTLNF"
145697,"PQITLWQRPLVTIKIGGQQKEALLDTGADDTVLEEICLPGRWKPKMIGGIGGFIKVRQYDQVPVEICGHKAIGTVLVGPTPVNIIGRNLLTQIGCTLNF"
145699,"PQITLWQRPLVSIKIGGQLKEALLDTGADDTVLEEMNLPGRWKPKMIGGIGGFIKVRQYDQVPIEICGHKAIGTVLIGPTPVNIIGRNLMTQLGCTLNF"
147544,"PQITLWQRPIVTVKIGGQLKEALLDTGADDTIFEEINLPGKWKPKMAGGIGGFIKVRQYDQIPIEICGHEVIGTVLVGPTPANIIGRNLMTQLGCTLNF"
147545,"PQITLWQRPILTVRIGGQLKEVLLDTGADDTVLEDIDLPGRWKPKMIMGIGGLVKVRQYDQVPIEICGHKVIGSVLVGPTPANVIGRNLLSKIGCTLNF"
147548,"PQITLWQRPIVTIKIGGQLKEALLDTGADDTVLEDINLPGRWKPKMIVGVGGFVKVRQYDQVAIEICGHKVIGTVLVGPTPTNIIGRNLLTQIGCTLNF"
147549,"PQISLWQRPIVTIKIGGQLREALLDTGADDTVLEDINLPGRWKPKMIVGVGGFAKVRQYDQVPIEICGQKVIGTVLVGPTPTNIIGRNLLTKIGCTLNF"
147550,"PQITLWQRPIIKVKIGGQLVEALLDTGADDTIFEGIDLPGRWKPKIVGGIGGFMKVKEYDQIPVEVCGHKVISTVLVGPTPVNVIGRNVMTQIGCTLNF"
147551,"PQITLWQRPIVTVKIGGQLLEALLDTGADDTVLEEMNLPGRWKPKIIGGIGGFIKVREYDQVPIEICGHKTIGSVLIGPTPVNIIGRSLMTKIGCTLNF"
147553,"PQITLWQRPIVTIKIGGQLREALLDTGADDTVFTDIDLPGRWTPKIIVGVGGFSKVKQYDQVPIEICGHKVVGTVLIGPTPANIVGRNLLTQLGCTLNF"
147554,"PQITLWQRPIVPIKIGGQVKEALLDTGADDTVFEEMNLPGRWKPKLIMGIGGFMKVRQYDQITIEICGHKVTGAVLVGPTPANVIGRNLLTQLGCTLNF"
147555,"PQITLWQRPIIPVRIGGQVKEALLDTGADDTVFEEMNLPGRWKPKLIMGIGGFMKVRQYDQITIEICGHKVTGAVLVGSTPANVIGRNLLTQLGCTLNF"
147977,"PQITLWQRPLVTIRIGGQIKEALLDTGADDTVLEDMDLPGRWKPKMIGGIGGFIKVRQYEQVPIEICGHKAIGTVLIGPTPVNIIGRNLLTQLGCTLNF"
147979,"PQITLWQRPLVTVKIGGQLKEALLDTGADDTVLEEMNLPGRWKPKMIGGIGGFIKVRQYDQILVEICGHKAVGTVLVGPTPVNIIGRNLLTQIGCTLNF"
147981,"PQITLWQRPLVPIRIGGQLKEALLDTGADDTVLEEMNLPGRWKPKMIGGIGGFIKVRQYDQIPIEICEHKTIGTVLVGPTPVNIIGRNLLTQIGCTLNF"
147983,"PQITLWQRPLVTVKIGGQLKEALLDTGADDTVLEEMTLPGRWKPKMIGGIGGFIKVRQYDQIPIEICGHKAIGTVLVGPTPVNIIGRNLLTQIGCTLNF"
147989,"PQITLWQRPLVTIKIEGQLKEALLDTGADDTVLEEMSLPGRWKPKMIGGIGGFIKVRQYDQVTIEICGHKAVGTVLIGPTPVNIIGRNLLTQIGCTLNF"
147999,"PQITLWQRPLVIIKIEGQLKEALLDTGADDTVLEEMNLSGRWKPKMIGGIGGFIKVRQYDQITIEICGHKAIGTVLIGPTPVNIIGRNLLTQIGCTLNF"
148001,"PQLTLWQRPIVTIKIGGQLKEALLDTGADDTVLEEMNLPGKWKPKMIGGIGGFIKVKQYDQIQVEICGHKAVGTVLIGPTPVNIIGRNLLTQIGCTLNF"
148007,"PQITLWQRPLVTIKIGGQIKEALLDTGADDTVLEEMNLPGRWKPKMIGGIGGFIKVKQYDQISVDICGHKAIGTVLVGPTPVNIIGRNLLTQIGCTLNF"
148009,"PQITLWQRPLVTVKIGGQLKEALLDTGADDTVLEEMNLPGKWKPKMIGGIGGFIKVRQYEQIPIEICGHKAIGTVLVGPTPVNIIGRNLLTQIGCTLNF"
148013,"PQITLWQRPLVTIKIGGQLKEALLDTGADDTVLEEMNLPGKWKPKMIGGIGGFIKVRQYDQIPIEICGHKAIGTVLIGPTPVNIIGRNLLTQIGCTLNF"
148019,"PQITLWQRPLVTIKIGGQLKEALLDTGADDTVLEEMSLPGRWKPKMIGGIGGFIKVRQYDQITIEICGHKAIGTVLIGPTPVNIIGRNLLTQIGCTLNF"
148021,"PQITLWQRPIVTIKIGGQLKEALIDTGADDTVLEEMNLPGKWKPKIIGGIGGFIKVRQYDQIPVEICGHKAIGTVLVGPTPANVIGRNLLTQIGCTLNF"
148025,"PQITLWQRPLVTIKIGGQLKEALLDTGADDTVLEEINLPGRWKPKMIGGIGGFIKVRQYDQVPIEICGHKAIGTVLVGPTPVNIIGRNLLTQLGCTLNF"
148033,"PQITLWQRPLVNIRVEGQLMEALLDTGADDTVLEEINLQGRWKPKMIGGIGGFIKVRQYDQISVEICGHRAIGTVLVGPTPVNIIGRNLLTQIGCTLNF"
148039,"PQITLWQRPLVTVKIGGQLTEALLDTGADDTVLENIELPGRWKPKMIGGIGGFIKVRQYDQVPIEICGHRIIGSVLVGPTPVNIIGRNLMTQLGCTLNF"
148045,"PQISLWQRPIVTIKIGGQLREALLDTGADDTVLEDINLPGRWKPKMIGGIGGFIKVRQYDQIPIEICGQKAIGTVLVGPTPVNIIGRNLMTQIGCTLNF"
148055,"PQITLWQRPLVTIKVGGQLKEALLDTGADDTVLEEMNLPGKWKPKMIGGIGGFIKVRQYDQIAVEICGHRAIGTVLVGPTPVNIIGRNLLTQIGCTLNF"
148057,"PQITLWQRPLVNIKIGGQLKEALLDTGADDTVLEEMNLPGRWKPKMIGGIGGFIKVRQYDQIPIEICGQKAIGTVLIGPTPVNIIGRNLLTQLGCTLNF"
148059,"PQITLWQRPLVTIKIGGQLKEALLDTGADDTVLEEMNLPGRWKPKMIGGIGGFIKVKQYDQIQIEICGHKAIGTVLVGPTPVNIIGRNLLTQIGCTLNF"
148071,"PQITLWQRPLVTIKIGGQLKEALLDTGADDTVLEEMNLPGRWKPKMIGGIGGFIKVKQYDQIAIEICGHKAIGTVLIGPTPVNIIGRNLLTQIGCTLNF"
148077,"PQITLWQRPLVTIRIGGQLKEALLDTGADDTVLEEMSLPGKWKPKMIGGIGGFIKVRQYDQILVEICGHKAIGTVLVGPTPVNIIGRNLLTKIGCTLNF"
148079,"PQITLWQRPIVTVRIEGQLIEALLDTGADDTVLEDIDLPGNWKPKMIGGIGGFVKVRQYDQIHIEICGKRAIGSVVVGPTPANIIGRNILSQIGCTLNF"
148091,"PQITLWQRPIVTIKIGGQIREALLDTGADDTVLEDINLPGKWKPKIIGGIGGFVKVRQYDQIPVEICGHKAITTVLVGPTPANIIGRNLMTQLGFTLNF"
148103,"PQITLWQRPIVTVKIGGQLREALLDTGADDTVLEDINLPGRWKPKMIGGIGGFIKVRQYDQVPLEICGHKAIGSVLVGPTPVNIIGRNLMTQIGCTLNF"
148109,"PQITLWQRPFVTVKIGGQLKEALLDTGADDTVIEEINLPGKWKPKLIGGIGGFLKVRQYDQIPVEICGHKAIGTVLVGPTPVNIIGRDLLTQIGCTLNF"
148117,"PQITLWQRPLVTIKIGGQIKEALLDTGADDTVLEEMNLPGRWKPKMIGGIGGFIKVRQYDQISIDICGHKAVGTVLIGPTPVNIIGRNLLTQIGCTLNF"
148121,"PQITLWQRPLVTIKVGGQLKEALLDTGADDTVLEEINLPGKWKPKMIGGIGGFIKVRQYDQILIEICGHKAIGTVLVGPTPVNIIGRNLLTQIGCTLNF"
148131,"PQITLWQRPLVTIKVGGQLKEALLDTGADDTVLEEINLPGRWKPKMIGGIGGFIKVRQYDQICIEICGHKAIGTVLVGPTPVNIIGRNLLTQIGCTLNF"
154816,"PQITLWQRPFITVKIGGQQMEALLDTGADDTIVEAINLPGRWKPKIVGGIGGFMKVKQYDQVPVEICGHKAITAVLVGPTPVNVIGRNVMTQIGCTLNF"
154817,"PQITLWQRPIVTIKVGGQIREALLDTGADDTVLEEINLPGKWKPKLIGGIGGFVKVRQYDQIPIEICGHKVIGTVVVGPTPANIIGRNLMTQLGCTLNF"
155920,"PQITLWQRPVVTIKIGGQLKEALLDTGADDTVLEEMNLPGRWKPKIIGGIGGFIKVRQYDQVLVEICGHRAIGAVLIGPTPVNIIGRNLMTQLGCTLNF"
159112,"PQITLWQRPLVTIKVGGQLKEALLDTGADDTVLEEMNLPGRWKPKMIGGIGGFIKVRQYDQVPIEICGHKAIGTVLVGPTPVNIIGRNLLTQIGCTLNF"
172122,"PQITLWQRPVVTVKIGGQLREALLDTGADDTILEDINLPGRWTPKIVGGIGGLIKVRQYDQVPIEICGHKLVGTVLQGPTPCNVIGRNLLTQLGCTLNF"
172134,"PQITLWQRPLVTIKIGGQLKEALLDTGADDTVLEEMNLPGRWKPKMIGGIGGFIKVKQYDQILIEICGHKAIGTVLIGPTPVNIIGRNLLTQIGCTLNF"
172136,"PQITLWQRPLVTIKIGGQLKEALLDTGADDTILEEMNLPGRWKPKIVGGIGGFIKVRQYDQVPIEICGHKAYSTVLIGPTPVNIIGRNLLTQLGCTLNF"
172138,"PQITLWQRPIVTVKIGGQLKEALLDTGADDTVLEEMNLPGRWKPKMIGGIGGFIKVRQYDQIPIEICGQKAVGTVLIGPTPVNIIGRNLLTQIGCTLNF"
172987,"PQITLWQRPLVTIKVGGQLKEALLDTGADDTVLEEINLPGRWKPKMIGGIGGFIKVRQYDQILVEICGHKAIGTVLVGPTPLNIIGRNLLTQIGCTLNF"
172988,"PQITLWQRPLVTIKVGGQTREALLDTGADDTVLEEINLPGKWKPKMIGGIGGFIKVRQYDQVLIEICGHRAIGTVLVGPTPLNIIGRNLLTQIGCTLNF"
187115,"PQITLWQRPIVTIRIGGQLKEALLDTGADDTILEEMNLPGKWKPKMIMGIGGLMKVRQYDQVAIEIDGRKLVGTVLIGPTPANVIGRNLMTQLGCTLNF"
187117,"PQITLWQRPLVTIKVGGQLKEALLDTGADDTVLEEMDLPGRWKPKMIGGIGGFIKVRQYDQILIEICGHRAIGTVLIGPTPVNIIGRNLLTQLGCTLNF"
187119,"PQITLWQRPIIPVRIGGQLKEALLDTGADDTIFEEMTLPGRWQPKIVGGIGGFLKVRQYDQIPIEFCGYKVMCTVLIGSTPINVIGRDTLTKIGCTLNF"
187127,"PQITLWQRPLVTIKIGGQLKEALLDTGADDTVLEEMNLPGKWKPKMIGGIGGFIKVRQYEQILVEICGHKAIGTVLIGPTPVNIIGRNLLTQIGCTLNF"
187137,"PQITLWQRPIVTVKIGGQLKEALLDTGADNTVLEEMNLPGKWKPKMIGGIGGFIKVRQYDQIPVEICGHKAIGTILIGPTPVNIIGRDLMTQLGCTLNF"
187157,"PQITLWQRPLVSIKVGGQIKEALLDTGADDTVLEEIDLPGRWKPKMIGGIGGFIKVRQYDQIVIEICGKKAIGAVLVGPTPVNIIGRNMLTQLGCTLNF"
187167,"PQITLWQRPVVTIKVGGQLKEALLDTGADDTVLEEIDLPGKWKPKMIGGIGGFIKVRQYDQISIEICGHKATGTVLVGPTPVNIIGRNLLTQIGCTLNF"
187169,"PQITLWRRPLVSIRIGGQLKEALLDTGADDTVLEEMNLPGKWKPKMIGGIGGFIKVRQYDQVPMEICGHKAIGTVLVGPTPVNIIGRNLLTQIGCTLNF"
187171,"PQITLWQRPLVSIRIGGQLKEALLDTGADDTVLEEMNLPGKWKPKMIGGIGGFIKVRQYDQVPMEICGHKAIGTVLVGPTPVNIIGRNLLTQIGCTLNF"
187179,"PQITLWQRPIVTIRVGGQLKEALLDTGADDTVLEEMNLPGRWKPKMIGGIGGFIKVRQYDQIQIEICGHKAVGTVLIGPTPVNIIGRNLLTQLGCTLNF"
187189,"PQITLWQRPIVTIKVEGQIREALIDTGADDTVLEDINLPGRWKPKMIGGIGGFVKVRQYDQVCIEICGHKVIGTVLVGPTPTNVIGRNLLTQIGCTLNF"
187193,"PQITLWQRPLVTIKIGGQLKEALLDTGADDTVLEDMDLPGRWKPKMIGGIGGFIKVRQYDQIPIEICGHKTIGTVLVGPTPVNIIGRNLLTQLGCTLNF"
197086,"PQITLWQRPLVTIKVGGQLKEALLDTGADDTVLEEMNLPGRWKPKMIGGIGGFIKVRQYDQIAIEICGHKAIGTVLIGPTPVNIIGRNLLTQLGCTLNF"
197088,"PQITLWQRPLVAIRIGGQLKEALLDTGADDTVLEEMNLPGRWKPKMIGGIGGFIKVKQYDQIPIEICGHKAVGTVLIGPTPVNIIGRNILTQLGCTLNF"
197092,"PQITLWQRPIVTVKIGGQLKEALLDTGADDTVLEEMNLPGRWKPKMIGGIGGFIKVRQYEQVALEICGHKTVGTVLIGPTPVNIIGRNLLTQIGCTLNF"
197094,"PQITLWQRPLVTIKIGGQLKEALLDTGADDTVLQEMCLPGKWKPKIIGGVGGFIKVRQYDQVTIEICGHKVIGTVVIGPTPVNIIGRNLLTQLGCTLNF"
197096,"PQITLWQRPLVTIKIGGQLKEALLDTGADDTVLEDMDLPGRWKPKMIGGIGGFIKVKQYDQIPIEICGHKTVGTVLIGPTPVNIIGRNLLTQLGCTLNF"
197100,"PQITLWQRPLVTIKIGGQLKEALLDTGADDTVLEEMNLPGRWKPKMIGGIGGFIKVRQYDQIPIEICGHKATGTVLVGPTPVNIIGRNLLTQIGCTLNF"
198527,"PQITLWQRPLVTIKIGGQLKEALLDTGADDTVLEEMNLPGRWKPKMIGGIGGFIKVRQYDEVTIDICGHKAIGTVLIGPTPVNIIGRNLLTQIGCTLNF"
198529,"PQITLWQRPIVTIKIGGQLKEALLDTGADDTVLEEINLPGRWKPKMIVGIGGFVKVRQYDQVPIEICGHKAIGSVLVGPTPANIIGRNLLTQIGGTLNF"
198531,"PQITLWQRPLVTVKVGGQLREALLDTGADDTVLEEMSLPGRWKPKMIGGIGGFIKVRQYDQIPIEICGHKAIGTVLIGPTPVNIIGRNLLTQIGCTLNF"
198533,"PQITLWQRPLVTIKIGGQLKEALLDTGADDTVLEEMELPGRWKPKMIGGIGGFIKVRQYDQIPIEICGHTARGTVLVGPTPVNIIGRNLLTQIGCTLNF"
198535,"PQITLWQRPLVTIKIGGQLKEALLDTGADDTVLEEMNLPGRWKPKMIGGIGGFIKVRQYDQILVEICGHKAIGTVLIGPTPVNIIGRNLLTQLGCTLNF"
198537,"PQITLWQRPIVTIKVGGQLKEALLDTGADDTVLEEMNLPGRWKPKMIGGIGGFIKVRQYDQIAIEICGHKAIGTVLVGPTPVNIIGRNLLTQLGCTLNF"
198539,"PQITLWQRPIVTIKIGGQLREALLDTGADDTIFKDVSLPGRWKPKIVEGIGGFMKVKEYDQVPIEICGHKTIGTVLTGPTPVNVIGRNLMTQLGCTLNF"
198541,"PQITLWQRPLVTVKIGGQLKEALLDTGADDTVLEDMTLPGRWKPKMIGGIGGFIKVRQYDQIPVEICGHKAIGTVLVGPTPVNIIGRNLLTQIGCTLNF"
198543,"PQITLWQRPLVPIKIGGQLKEALLDTGADDTVLEEMNLPGRWKPKMIGGIGGFIKVRQYDEVPIEIYGHKAIGTVLIGPTPVNIIGRNLLTQLGCTLNF"
205595,"PQITLWQRPLVTIKIGGQLKEALLDTGADDTVLEDMDLPGRWKPKMIGGIGGFIKVGQYDQVPIEICGHKAIGTVLVGPTPVNIIGRNLLTQLGCTLNF"
205597,"PQITLWQRPIVTIRVGGQLKEALLDTGADDTVLEEMNLPGRWKPKMIGGIGGFIKVGQYDQIQIEICGHKAVGTVLIGPTPVNIIGRNLLTQLGCTLNF"
205605,"PQITLWQRPLVTIKIGGQLKEALLDTGADDTVLEEMNLPGRWKPKMIGGIGGFIKVGQYDQIHIEICGHKAIGTVLIGPTPVNIIGRNILTQLGCTLNF"
205622,"PQITLWQRPLVPVRIGGQVREALLDTGADDTVLEEINLPGKWKPKMIGGIGGFIKVGQYDQIQVEICGHKVIGTVLVGPTPMNVIGRNLLTQLGCTLNF"
205634,"PQITLWQRPIVTIKIGGQLKEALLDTGADDTVLEEMNLPGRWTPKLIGGIGGFIRVGQYDQILIEICGHKVIGTVLVGPTPAPIIGRNLMTQIGCTLNF"
205636,"PQITLWQRPIVTVKIGGQLKEALLDTGADDTVFEEMNLPGRWTPKIIVGIGGYSKVGQYEEVTIEICGHKVVGPVLVGPTPANIIGRNMLTQLGCTLNF"
205640,"PQITLWQRPIITVKIAGQLKEALLDTGADDTVFEEMDLPGRWKPKLIGGIGGFVKVGQYDQVPIEICGHKALSTVLIGPTPANIIGRNLMTQLGCTLNF"
205644,"PQITLWQRPIISVRIGGQPVEALLDTGADDTILDNINLPGRWTPKLVGGIGGFMKVGQYDQVPIEICGHKVIDSVLVGPTPVNVIGRNVMTQIGCTLNF"
205688,"PQITLWQRPLVTIKIGGQQTEALLDTGADNTVVEEMNLPGRWKPKMIGGIGGFIKVGQYDQILIEICGHKVIGTVLVGPTPVNIIGRDLLTQIGCTLNF"
205691,"PQITLWQRPIVTIKIGGQLKEALLDTGADDTVLEDISLPGKWKPKMIGGIGGFIKVGQYDQVPIEICGHKVISTVLVGPTPVNIIGRNLMTQLGCTLNF"
206411,"PQITLWQRPLVTIKIGGQLKEALLDTGADDTVLEEMNLPGRWKPKMIGGIGGFIKVGQYDQIPLEICGHKTTGTVLIGPTPVNIIGRNLLTQIGCTLNF"
206419,"PQITLWQRPLVTIKIGGQLKEALLDTGADDTVLEEMSLPGKWKPKMIGGIGGFIKVGQYDQIAIEICGHKAIGTVLVGPTPVNIIGRNLLTKIGCTLNF"
206427,"PQITLWQRPLVTIKIGGQLKEALLDTGADDTVLEEINLPGRWKPKMIGGIGGFIKVKQYDQIPIEICGHKAIGTVLVGPTPVNIIGRNLLTQLGCTLNF"
206429,"PQITLWQRPLVTIKIGGQLKEALLDTGADDTVLEEMNLPGRWKPKMIGGIGGFIKVGQYDQVPIEICGHKAIGTVLIGPTPVNIIGRNLLTQLGCTLNF"
206431,"PQITLWQRPVVTVKIGGQLREALLDTGADNTVFEDIDLPGKWKPKMIGGIGGFVKVGQYDQIPVEICGHKAIGTVLVGPTPVNIIGRDLMTQLGCTLNF"
206435,"PQITLWQRPLVTIKIGGQLKEALLDTGADDTVLEDMNLPGRWKPKMIGGIGGFIKVGQYDQIPIEICGQKAIGTVLVGPTPVNIIGRNLLTQIGCTLNF"
206443,"PQITLWQRPLVTIKIGGQLKEALLDTGADDTVLEEMNLPGRWKPKMIGGIGGFIKVKQYDQIPIEICGHKAIGTVLVGPTPVNIIGRNLLTQLGCTLNF"
206447,"PQITLWQRPIVTIKIGGQLKEALLDTGADDTIFEEMNLPGRWQPKMVGGIGGFMKVGQYDQIPIEICGHKVISTVLIGPTPMNIIGRNLMTQIGCTLNF"
206451,"PQMTLWQRPLVTIRIGGQLKEALLDTGADDTVLEEMNLPGKWKPKMIGGIGGFIKVGQYDQIPIEICGHKAIGTVLIGPTPVNIIGRNLLTQIGCTLNF"
207293,"PQITLWQRPIVTIKVGGQLKEALLDTGADDTVLEEIDLPGRWKPKMIGGIGGFIKVGQYDQITIEICGHKAIGTVLVGPTPVNIIGRNLLTQLGCTLNF"
207295,"PQITLPQRPLVTIKIGGQLKEALLDTGADDTVLEEMNLPGKWKPKMIGGIGGFIKVGQYDQVLIEISGYKAIGTVLIGPTPVNIIGRNLLTQIGCTLNF"
207303,"PQITLWQRPLVTIRIGGQLKEALLDTGADDTVLEDIELPGRWKPKMIGGIGGFIKVGQYDQIPIEICGHKVIGTVLIGPTPVNIIGRNLMTQLGCTLNF"
207307,"PQITLWQRPLVTIKVGGQIKEALLDTGADDTVLEEMNLPGRWKPKMIGGIGGFIKVGQYDQIPIEICGHKAIGTVLVGATPVNIIGRNLLTQIGCTLNF"
216587,"PQITLWQRPLVTIKVGGQLKEALLDTGADDTVLEDMSLPGRWKPKMIGGIGGFIKVGQYDQIPIEICGHKAVGTVLIGPTPVNIIGRNLLTQIGCTLNF"
216595,"PQITLWQRPLVTIKIGGQLKEALLDTGADDTVLEEMDLPGRWKPKMIGGIGGFIKVGQYDQIPIEICGHKAIGTVLIGPTPVNIIGRNLLTQLGCTLNF"
216605,"PQITLWQRPLVSIKIGGQIKEALLDTGADDTVLEEMSLPGRWKPKMIGGIGGFIKVGQYDQIAIEICGHKAIGTVLIGPTPVNIIGRNLLTQIGCTLNF"
216613,"PQITLWQRPLVTIKIGGQLKEALLDTGADDTVLEEINLPGKWKPKMIGGIGGFIKVGQYDQILVEICGHKAIGTVLVGPTPVNIIGRNLLTQIGCTLNF"
216615,"PQITLWQRPLVAIKVEGQLKEALLDTGADDTVLEEMNLSGRWKPKMIGGIGGFIKVGQYDQIPIEICGHKTIGTVLVGPTPVNIIGRNLLTQLGCTLNF"
216619,"PQITLWQRPLVTIKVGGQLKEALLDTGADDTVLEDMNLPGRWKPKMIGGIGGFIKVGQYDQIPIEICGHKAIGTVLVGPTPVNIIGRNLLTQIGCTLNF"
216621,"PQITLWQRPLVTIKIGGQLKEALLDTGADDTVVEEMCLPGKWKPKMIGGIGGFIKVGQYDQIPVEICGHKAIGTVLVGPTPVNIIGRNLLTQLGCTLNF"
216623,"PQITLWQRPFVTIKIGGQLKEALLDTGADDTVLEEMALPGKWKPKMIGGIGGFIKVGQYDQITIDICGHKATGTVLIGPTPVNIIGRNLLTQIGCTLNF"
216629,"PQITLWQRPLVTIKIGGQLKEALLDTGADDTVLEEMNLPGKWKPKMIGGIGGFIKVGQYDQVPIEICGHKAIGTVLIGPTPVNIIGRNLLTQLGCTLNF"
216633,"PQITLWQRPLVTIKIGGQLKEALLDTGADDTVLEEMTLPGRWKPKMIGGIGGFIKVGQYDQIPIEICGHKAIGTVLVGPTPVNIIGRNLLTQIGCTLNF"
216647,"PQITLWQRPLVTIKIGGQLKEALLDTGADDTVLEEMSLPGRWKPKMIGGIGGFIKVGQYDEIPIEICGHKAIGTVLVGPTPVNIIGRNLLTQLGCTLNF"
216649,"PQITLWQRPLVTIKVGGQLKEALLDTGADDTVLEDMNLPGRWKPKMIGGIGGFIKVGQYDQILIEICGHKAIGTVLVGPTPVNIIGRNLLTQIGCTLNF"
216651,"PQITLWQRPLVTVKIGGQLKEALLDTGADDTVLEEMNLPGRWKPKMIGGIGGFIKVGQYDQIPIEICGHKAIGTVLVGPTPVNIIGRNLLTQIGCTLNF"
216657,"PQITLWQRPLVTIKIGGQLKEALLDTGADDTVLEDINLPGRWKPKMIGGIGGFIKVGQYDQIPLEICGHKAIGTVLVGPTPVNIIGRNLLTQIGCTLNF"
216661,"PQITLWQRPLVTIRVGGQLKEALLDTGADDTVLEEMNLPGKWKPKMIGGIGGFIKVGQYDQIQIEICGHKVIGTVLVGPTPVNIIGRNLLTQLGCTLNF"
216665,"PQITLWQRPLVTIKVGGQLREALLDTGADDTVLEDIDLPGKWKPKMIGGIGGFIKVKQYDQILIEICGHKAIGTVLVGPTPINIIGRNLLTQLGCTLNF"
230072,"PQITLWQRPVITVRVGGQLTEALLDTGADDTIFEEINLPGKWKPKLIGGIGGFLKVKQYEQIPIEICEHTIMSTVLVGPTPVNVIGRNVMTQLGCTLNF"
235683,"PQITLWQRPLVTIKIGGQLKEALLDTGADDTVLEEICLPGRWKPKMIGGIGGFIKVGQYDQIPIEICGHKAIGTVLVGPTPVNIIGRNLLTQIGCTLNF"
235687,"PQITLWQRPLVTIKVGGQLKEALLDTGADDTVLEEMSLPGKWKPKMIGGIGGFVKVGQYDQVSIEICGHKTIGTVLVGPTPANIIGRNLLTQIGCTLNF"
235689,"PQITLWQRPIVTVKIGGQLKEALLDTGADDTVLEEMNLPGRWKPKMIGGIGGFIKVGQYDQILVEICGHKAIGTVLVGPTPVNIIGRNLLTQIGCTLNF"
235695,"PQITLWQRPVVTIKVGGQIKEALLDTGADDTVLEDMDLPGRWKPKMIGGIGGFIKVGQYDQIPLEICGYKAIGTVLVGPTPVNIIGRNLLTQIGCTLNF"
235701,"PQITLWQRPILTIKIGGQLREALLDTGADDTIFSDVSLPGRWKPKIVGGIGGFMKVKEYDQVPIEICGHKIIGTVLTGPTPINVVGRNMMTQLGCTLNF"
235711,"PQITLWQRPLVTVKIGGQLKEALLDTGADDTVLEEINLPGRWKPKMIGGIGGFIKVGQYDQIPIEICGHKTIGTVLIGPTPVNIIGRNLLTQLGCTLNF"
235719,"PQITLWQRPLVTVKIGGQLKEALLDTGADDTVLEEMDLPGRWKPKMIGGIGGFIKVGQYDQISIEICGRKAIGTVLVGPTPVNIIGRNLLTQIGCTLNF"
235721,"PQITLWQRPVVTVKIGGHVREALLDTGADDTVIEEISLPGRWKPKMIGGIGGFIKVGQYDQIPVEICGHKAIGTVLVGPTPVNVIGRNLLTKIGCTLNF"
235725,"PQITLWQRPLVTIKVGGQLKEALLDTGADDTVLEDTELPGRWKPKMIGGIGGFIKVGQYDQVPIEICGHKAIGTVLVGPTPVNIIGRNLLTQIGCTLNF"
235733,"PQISLWQRPFVTVKIGGQPVEALLDTGADDTVLEEIDLPGRWKPKIIGGIGGFVKVKQYDQIPVEICGHKVISSVLVGPTPVNVIGRNVMKQLGCTLNF"
235739,"PQITLWQRPLVTIKIGGQIKEALLDTGADDTVLEDMNLPGRWKPKMIGGIGGFIKVGQYDQIAIEICGHKAIGTVLVGPTPVNIIGRNLLTQIGCTLNF"
257923,"PQITLWQRPLVTIKIGGQLKEALLDTGADDTVLEEMNLPGRWKPKMIGGIGGFIKVGQYDQIQIEICGHKAIGTVLVGPTPVNIIGRNLLTQIGCTLNF"
257929,"PQITLWQRPLVTVKVGGQLKEALLDTGADDTVLEEMNLQGRWKPKMIGGIGGFIKVKQYDQIPVEICGHKAIGTVLVGPTPVNIIGRNLLTQIGCTLNF"
257933,"PQITLWQRPLVAIKIGGQLKEALLDTGADDTVLEEMELPGRWKPKMIGGIGGFIKVGQYDQVPIEICGHKTIGTVLVGPTPVNIIGRNLLTQLGCTLNF"
257935,"PQITLWQRPLVTIKIGGQLKEALLDTGADDTVLEEMNLPGRWKPKMIGGIGGFIKVGQYDQILIEICGHKAIGTVLIGPTPVNIIGRNLLTQIGCTLNF"
257939,"PQITLWQRPFVTIKIGGQVREALLDTGADDTIFEDLDLPGRWKPKIIGGIGGFMKVKQYDQVPIETCGHKIRCTVLIGPTPVNVIGRNVMTQIGCTLNF"
257947,"PQITLWQRPLVTVKIGGQLMEALLDTGADDTVIEDMALPGRWRPKMIGGIGGFIKVKQYDQIHIEICGHKAIGTVLVGPTPVNIIGRNILTQIGCTLNF"
257957,"PQITLWQRPIVTVKIGGQLREALIDTGADDTVFVDIELPGRWKPKMIMGVGGLAKVGQYEQVPIEICGHKVIGTVLIGPTPANIIGRNLLTQLGCTLNF"
257963,"PQITLWQRPLVPIKIGGQIKEALLDTGADDTVLEEMNLPGRWKPKMIGGIGGFIKVGQYDQIPIEIDGHKAIGTVLIGPTPVNIIGRNLLTQIGCTLNF"
258503,"PQITLWQRPLVTIKIGGQLKEAILDTGADDTVLEEMNLPGRWKPKMIGGIGGFIKVKQYDQIPIEICGYKVIGTVLVGPTPVNIIGRSLLTRLGCTLNF"
258505,"PQITLWQRPLVTIKIGGQLKEALLDTGADDTVLEEMNLPGRWKPKMIGGIGGFIKVGQYDQILIEICGHRAIGTVLVGPTPVNIIGRNLLTQIGCTLNF"
258507,"PQITLWQRPLVTIKIGGQLKEALLDTGADDTVLEDMNLPGRWKPKMIGGIGGFIKVGQYDQIPIEICGHKAVGTVLVGPTPVNIIGRNLLTQIGCTLNF"
258509,"PQITLWQRPIVTIKIGGQLKEALLDTGADDTVLEDINLPGKWKPKMIGGIGGFIKVGQYDQVPVEICGHKAIGTVLVGPTPVNIVGRNLMTQLGCTLNF"
259173,"PQITLWQRPLVTIKIGGQIKEALLDTGADDTVLEEIDLPGKWKPKMIGGIGGFIKVGQHDEVTVEICGHKVIGTVLVGPTPVNIIGRNLLTQLGCTLNF"
259181,"PQITLWQRPIVTIKIGGQLKEVLLDTGADDTVLEEMNLPGRWKPKMIGGIGGFIKVGQYDQIPIEICGHKVLSTVLIGPTPVNVVGRNLMTQIGCTLNF"
259191,"PQITLWQRPIVVIKIGDQLMEALLDTGADDTVLEGINLPGRWKPKMIVGIGGLVKVKQYDQVPIEICGHKVIGTVLVGPTPANIIGRNLMTQLGCTLNF"
259195,"PQITLWQRPLVTIKVGGQLKEALLDTGADDTVLEEIDLPGRWKPKMIGGIGGFIKVGQYDQIPIEICGHKAIGTVLVGPTPVNIIGRNLLTQLGCTLNF"
259199,"PQITLWQRPLVPIKIGGQLKEALLDTGADDTVLEEMSLPGRWKPKMIGGIGGFIKVGQYDQIAIEICGHKAVGTVLIGPTPVNIIGRNLLTQLGCTLNF"
259205,"PQITLWQRPLVTIKIGGQLKEALLDTGADDTVLEDMNLPGRWKPKMIGGIGGFIKVGQYDQIPIEICGHKAIGTVLVGPTPVNIIGRNLLTQIGCTLNF"
259209,"PQITLWQRPLVSIKIGGQIKEALLDTGADDTVLEDMNLPGRWKPKMIGGIGGFIKVKQYDQIPIEICGQKAIGTVLVGPTPVNIIGRNLLTQIGCTLNF"
259225,"PQITLWQRPLVSVKIGGQLKEALLDTGADDTVLEEMALPGRWKPKMIGGIGGFIKVGQYDQIPVEICGHKAIGTVLVGPTPVNIIGRNLLTQIGCTLNF"
259227,"PQITLWQRPLVTVKIGGQITEALLDTGADDTVLEGINLPGKWKPKMIGGIGGFIKVGQYDQVTVEICGHKATGSVLIGPTPVNIIGRNLMTQIGCTLNF"
259229,"PQITLWQRPLVTVKIGGQTTEALLDTGADDTVLEGINLPGKWKPKMIGGIGGFIKVGQYDQVTVEICGHKATGSVLIGPTPVNIIGRNLMTQIGCTLNF"
259235,"PQITLWQRPLVTIKIGGQLKEALLDTGADDTVLEDIDLPGRWKPKMIGGIGGFIKVKQYEQVPIEICGHKAIGTVLIGPTPVNIIGRNLLTQLGCTLNF"
259243,"PQITLWQRPLVTIKIGGQLKEALLDTGADDTVLEDMSLPGRWKPKMIGGIGGFIKVKQYDQVPIEICGHKAIGTVLVGPTPVNIIGRNLLTQIGCTLNF"
259247,"PQITLWQRPLVPIRIGGQLKEALLDTGADDTVLEEMNLPGRWKPKMIGGIGGFIKVKQYDQIPVEIDGHKAIGTVLVGPTPVNIIGRNLLTQIGCTLNF"
259251,"PQITLWQRPLVAVKIGEQLIEALLDTGADDTVLEEINLPGKWKPKMIGGIGGFIKVGQYDQIPIEICGKRALGTVLVGPTPVNIIGRNILTQIGCTLNF"
259253,"PQITLWQRPLVTVKIGGQLKEALLDTGADDTVLEEMNLPGRWKPKMIGGIGGFIKVGQYDQIDVDICGHRATGTVLVGPTPVNIIGRNLLTQIGCTLNF"
259263,"PQITLWQRPLVTIKIGGQLKEALLDTGADDTVLEEMNLPGRWKPKMIGGIGGFIKVGQYDQIAIDICGHKAVGTVLIGPTPVNIIGRNLLTQIGCTLNF"
614472,"PQITLWQRPIVTVKIEGQLREALLDTGADDTVLEDINLPGRWTPKIIGGIGGLVKVKQYDQVSIEICGHKIIGTVLVGPTPANIIGRNLMTQLGCTLNF"
614476,"PQITLWQRPIITVKIGGHLKEALLDTGADDTVFEDMNLPGRWKPKMIGGIGGFVKVRQYDQVPIEIFGHEVLTTVLIGPTPVNVIGRNLMTQLGCTLNF"
614482,"PQITLWQRPIVTVRVGGQLKEALLDTGADDTVFTELSLPGRWKPKIIGGVGGFIRVKEYDQVPIEIEGHKAIGPVLVGPTPANVIGRNFLSQIGCTLNF"
614492,"PQITLWQRPIVTVKIGGQLKEALLDTGADDTVFEEMNLPGRWKPKMIGGIGGFIKVRQYDQMPLEFCGQKVIGTVLVGPTPVNVIGRNLMTQIGCTLNF"
614534,"PQITLWQRPLVTIKIGGQLKEALLDTGADDTVLEEINLPGRWKPKMIGGIGGFIKVRQYEQVPIEICGQKAIGTVLVGPTPVNIIGRNLLTQIGCTLNF"
614542,"PQITLWQRPIVTIKIGGQIKEALLDTGADDTVFEDINLPGRWKPKIIGGIGGLVKVRQYDEVPIEICGHKITSTVLVGPTPANIIGRNLMTQIGCTLNF"
614544,"PQITLWQRPLVTIKIGGQIKEALLDTGADDTVLEEMNLPGRWKPKMIGGIGGFIKVRQYDQIPIEICGYKATGTVLIGPTPVNIIGRNLLTQIGCTLNF"
614556,"PQITLWQRPLVTIKIGGQLKEALLDTGADDTVLEEMDLPGRWKPKMIGGIGGFIKVRQYDQIPIEICGHKAIGTVLVGPTPVNIIGRNLLTQLGCTLNF"
614572,"PQITLWQRPIVTVKIGGQLKEVLLDTGADDTIIEEINLPGKWKPKIVGGLGGFIKVRQYDQILVEICGHKVIGTVLVGPTPVDIIGRNLLTQIGCTLNF"
614576,"PQITLWQRPFVTIKIAGQTKEALLDTGADDTVFQEMNLPGRWTPKIVGGIGGFVRVKQYDQVPIEICGHKTTGTVLVGPTPANVIGRNLLTQIGCTLNF"
614602,"PQITLWQRPLVAIKIGGQLKEALLDTGADDTVLEEMNLPGRWKPKMIGGIGGFIKVRQYDQILVEICGHKAIGTVLVGPTPVNIIGRNLLTQIGCTLNF"
614634,"PQITLWQRPLVTIKIGGQLKEALLDTGADDTVLEDMELPGRWKPKMIGGIGGFIKVRQYEQIPIEICGHKTEGTVLVGPTPVNIIGRNLLTQIGCTLNF"
614662,"PQITLWQRPIVTVKIEGQLREALLDTGADDTVLEEINLPGRWKPKMIGGIGGFIKVRQYDQITIEICGHKAVGTVLVGPTPVNIIGRNLLTQLGCTLNF"
614664,"PQITLWQRPIITARIGGHLVEALLDTGADDTILENTNLPGRWTPKIVGGIGGFMRVRQYDQIPIEICGHKIIDTVLVGPTPANIIGRNVMTQIGCTLNF"
614688,"PQITLWQRPFVTIKIGGQLKEALLDTGADDTIFEEMNLPGRWKPKIVGGVGGFLKVRQYDQIPIEICGHKVIGTVLVGPTPVNIIGRNLLTQIGCTLNF"
614690,"PQITLWQRPLVTIKIGGQLKEALLDTGADDTVLEDMDLPGRWKPKMIGGIGGFIKVRQYEQILIEICGHKAVGTVLVGPTPVNIIGRNLLTQIGCTLNF"
614696,"PQITLWQRPIVTIKIGGQLKEALLDTGADDTVLEEMNLPGRWKPRMIGGIGGFIKVRQYDQIQVEICGHKAIGTVLIGPTPVNIIGRNLLTQLGCTLNF"
614712,"PQITLWQRPFVTVKVGGQLTEALLDTGADDTVFENINLSGRWKPQMIGGIGGFVTVRQYDQVLVEICGHKAIGTVLVGPTPANIIGRNLLTQIGCTLNF"
614734,"PQITLWQRPLVTIKIGGQLKEALLDTGADDTVLEEMNLPGKWKPKMIGGIGGFIKVRQYEQVPIEICGHKAIGTVLIGPTPVNIIGRNLLTQLGCTLNF"
614740,"PQITLWQRPFVTIKIGGQIREAILDTGADDTVFEDIELPGRWKPKIIGGIGGLMNVRQYEQVPIEICGHKIISTVLIGPTPVNIIGRNLMTQLGCTLNF"
614748,"PQITLWQRPLVTIKIGGQLKEALLDTGADDTVLEDMSLPGKWKPKMIGGIGGFIKVRQYDEVPIEICGHKTIGTVLIGPTPFNIIGRNLLTQLGCTLNF"
614752,"PQITLWQRPLVTIKIGGQLKEALLDTGADDTVLEDMHLPGKWKPKMIGGIGGFIKVRQYDQILVEICGHKAIGTVLVGPTPVNIIGRNLLTQIGCTLNF"
614794,"PQITLWQRPLVTIKIEGQLKEALLDTGADDTVLEEMSLPGRWKPKMIGGIGGFIKVRQYDQVAIEICGHKAIGTVLVGPTPVNIIGRNLLTQIGCTLNF"
614806,"PQITLWQRPIVTIKIGGQLKEALLDTGADDTVLEEMNLPGRWKPKIIGGIGGFIRVRQYDQIPIEICGHKVISTVLVGHTPVNVIGRNLMTQLGCTLNF"
614816,"PQITLWQRPFVTVKIGGQLKEALIDTGADDTVFEEMNLPGRWKPKIIGGIGGFVKVRQYDQVQVEICGHKAIGTVLVGPTPANIIGRNLLTQIGCTLNF"
614824,"PQITLWQRPLVTIRVGGQSKEALLDTGADDTVLEEMNLPGKWKPKMIGGIGGFIKVRQYDQILVEICGHKAMGTVLVGPTPVNIIGRNLLTQIGCTLNF"
614834,"PQITLWQRPLVTIKIGGQIKEALLDTGADDTVLEEMNLPGRWKPKMIGGIGGFIKVRQYDQILIEICGHKAIGTVLVGPTPVNIIGRNLLTQLGCTLNF"
614842,"PQITLWQRPLVTIKIGGQLKEALLDTGADDTVVEEMNLPGRWKPKMIGGIGGFIKVRQYEQVPIEICGHKAIGTVLVGPTPVNIIGRNLLTQIGCTLNF"
614844,"PQITLWQRPLVTIKIGGQLKEALLDTGADDTVLEEMNLPGRWKPKMIGGIGGFIKVRQYDQIPLEICGHKTIGTVLIGPTPVNIIGRNLLTQIGCTLNF"
614846,"PQITLWQRPLVTIKIGGQLKEALLDTGADDTVVEEMCLPGKWKPKMIGGIGGFIKVRQYDQIPIEICGHKAIGTVLVGPTPVNIIGRNLLTQIGCTLNF"
614848,"PQITLWQRPFVTVKIGGQLTEALLDTGADDTVFTEINLPGRWTPKMIGGIGGFVKVKQYDQVPIEIFGQKVKSTVLVGQTPVNVIGRNLMTQIGCTLNF"
614850,"PQITLWQRPVVKIKIGGQIIEALLDTGADDTVLEEMNLPGRWKPKIIGGIGGFIKVREYDQILVEICGHKAIGTVLVGPTPVNIIGRNLMTQIGCTLNF"
614858,"PQITLWQRPLVQIKIGGQLKEALLDTGADDTVLEEINLPGRWKPKMIGGIGGFIKVRQYEQIPIEICGHKAEGTVLVGPTPVNIIGRNLLTQIGCTLNF"
614862,"PQITLWQRPLVTIKIGGQLKEALLDTGADDTVLEDIELPGRWKPKMIGGIGGFLKVKQYEQVPIEICGHKAIGTVLIGPTPVNIIGRNLLTQLGCTLNF"
614868,"PQITLWQRPLVTIKIGGQLKEALLDTGADDTVLEDMSLPGKWKPKMIGGIGGFIKVRQYDQIPIEICGHKAIGTVLVGPTPVNIIGRNLLTQIGCTLNF"
614880,"PQITLWQRPFVTIKIGGQLKEALLDTGADDTILEEMNLPGRWKPKIVGGIGGFLKVKQYDQIPLEICGQKTIGTVLVGPTPVNVIGRNLLTQIGCTLNF"
614934,"PQITLWQRPVVTIKIGGQLKEALLDTGADDTVLEEMNLPGKWKPKMIGGIGGFIKVRQYDQILIEICGHKAIGTVLVGPTPVNIIGRNLLTQIGCTLNF"
614936,"PQITLWQRPLVTIKVGGQIKEALLDTGADDTVLEEMNLPGRWKPKMIGGIGGFIKVRQYDQVPIEICGHKATGTVLVGPTPVNIIGRNLLTQLGCTLNF"
614940,"PQITLWQRPLVTIKIGGQLIEALLDTGADDTVLEEINLPGRWKPKIIGGIGGFIRVRQYEQVPIEICGHKVISTVLVGPTPVNIIGRNLMTQLGCTLNF"
614944,"PQITLWQRPVVTIKIGGQLKEALLDTGADDTVLEEMSLPGRWKPKIIGGIGGFIKVRQYDQIPIEICGHKATGTVLIGPTPVNIIGRNLMTQLGCTLNF"
614952,"PQITLWQRPLVTIKIGGQLKEALLDTGADDTVLEEIDLPGRWKPKMIGGIGGFIKVRQYDQILIEICGHKAIGTVLVGPTPVNIIGRNLLTQIGCTLNF"
614954,"PQITLWQRPIVTIKIGGQLTEALIDTGADDTVFQDINLPGKWTPKIIGGIGGLLKVRQYEEVPIEICGYKTTGTVLVGPTPANIIGRNLLTQIGCTLNF"
614972,"PQITLWQRPVVTIRIGGQLKEALLDTGADDTIFEEMALPGRWKPKIVGGIGGFIRVKQYDQIPIEICGHKAIGTVLVGPTPVNIIGRNLMTQLGCTLNF"
614978,"PQITLWQRPVVTVKIAGQLKEALLDTGADDTIFHDIELPGKWTPKIVGGIGGFMRVRQYEQIPIEICGHKVIGTVVVGPTPVDVIGRNLLTQLGCTLNF"
614986,"PQITLWQRPLVTIKIGGQLKEALLDTGADDTVLEEMNLPGRWKPKMIGGIGGFIKVKQYDQIPIEICGQKAIGTVLVGPTPVNIIGRNLLTQIGCTLNF"
614988,"PQITLWQRPLVTIKIGGQLKEALLDTGADDTVLEEMNLQGKWKPKMIGGIGGFIKVRQYDQVPIEICGYKAIGTVLVGPTPVNIIGRNLLTQIGCTLNF"
614990,"PQITLWQRPFVTIKIAGQLKEALLDTGADDTVFEDINLQGKWKPKIIGGIGGFVKVRQYDQVPIEICGHKVTGPVLVGPTPVNVIGRNLLSQLGCTLNF"
615002,"PQITLWQRPLVTIKIGGQLKEALLDTGADDTVLEEMNLPGKWKPKMIVGIGGFVKVRQYDQILVEICGHKAIGSVLIGPTPANIIGRNLLTQIGCTLNF"
615028,"PQITLWQRPLVTIKVGGQLKEALLDTGADDTVLEDMNLPGRWKPKMIGGIGGFIKVRQYDQIPIEICGHKAIGTVLVGPTPVNIIGRNLLTQIGCTLNF"
615034,"PQITLWQRPIVTIKIGGQLREALLDTGADDTILEDVELPGRWTPKIIGGIGGLVRVRQYEQIPIEICGHKVIGTVLVGPTPANIIGRNLMTQIGCTLNF"
615038,"PQITLWQRPLVTIKIGGQVKEALLDTGADDTVLEEMSLPGKWKPKMIGGIGGFIKVRQYDQILIEICGHKAIGTVLVGPTPVNIIGRNLLTQIGCTLNF"
615048,"PQITLWQRPLVTIRVGEQLKEALLDTGADDTVLEEMNLPGRWKPKMIGGIGGFIKVKQYDQIPIEICGHKAIGTVLVGPTPVNIIGRNLLTQIGCTLNF"
615050,"PQITLWQRPFVTVKIGGQLIEALLDTGADDTVLDQIDLPGKWKPKMIGGIGGFMKVKQYEEVPIEICGHKITSTVLVGPTPVNIIGRNLMTQIGCTLNF"
615068,"PQITLWQRPLVTIKVGGQLKEALLDTGADDTVLEEIDLPGRWKPKMIGGIGGFIKVRQYEQIQIEICGHKAIGTVLVGPTPINIIGRNLLTQIGCTLNF"
615108,"PQITLWQRPLVQIKIGGQIKEALLDTGADDTVLEEINLPGKWKPKMIGGIGGFIKVRQYDQIVIEICGHKAIGTVLVGPTPVNIIGRNLLTQIGCTLNF"
615118,"PQITLWQRPLVTIKVGGQVKEALLDTGADDTVLEEMNLPGRWKPKMIGGIGGFIKVRQYDQIHIEICGQKAIGTVLVGPTPVNIIGRNLLTQIGCTLNF"
615132,"PQIALWQRPIIKIKVAGQPIDALLDTGADDTVLEEINLPGRWKPKIIGGIGGFVKVRQYDQIPIEICGHKVFTTVLVGPTPTNVVGRNLMTQIGCTLNF"
615138,"PQITLWQRPIVTMKVGGHLIEALLDTGADDTVLQGIDLPGRWKPKVIVGVGGFVKVRQYEQVPIEICGHKTTGTVLIGPTPANIIGRNLMTQIGCTLNF"
615152,"PQITLWQRPIVTVKVGGQLREALLDTGADDTIFEEIDLPGRWKPKIIGGIGGWMRVREYEQVPIEICGHKFISTVLVGPTPANIIGRNLMTQLGCTLNF"
615158,"PQITLWQRPLVTIKVGGQLKEALLDTGADDTMMDELSLPGRWKPKIVGGIGGFIKVREYDQVPIEICGHKVIGTVLVGPTPVNIVGRNVMTQLGCTLNF"
615170,"PQITLWQRPLVTIKIGGQLKEALLDTGADDTVLEEMSLPGKWKPKMIGGIGGFIKVRQYDQITIEICGHRATGTVLIGPTPVNIIGRNLLTQIGCTLNF"
615172,"PQIPLWQRPFVTIRIGGQLIEALLDTGADDTVLEDITLPGKWKPKIIGGIGGLLKVRQYDQVPIEICGHKIIGSVLVGPTPVNIVGRNLMTQLGCTLNF"
615174,"PQITLWQRPFVTVKIAGQLKEALLDTGADDTVFEEMNLPGRWKPKIIGGIGGFVKVRQYDQIPIEICGHKVLTTVLVGPTPANVIGRNLMTQLGCTLNF"
615182,"PQITLWQRPIVPIKIGGQLKEALLDTGADDTVLEEMNLPGRWKPKIIGGIGGFLKVKQYDQVPVEICGHKTIGTVVVGPTPVNVIGRNLLTQLGCTLNF"
615184,"PQIALWQRPFVPIKIGGQLREALLDTGADDTVLEDINLPGRWKPKIIGGIGGFVKVRQYDQVPIEICGRTVIGTVVVGPTPANIIGRNLLTQLGCTLNF"
615186,"PQITLWQRPFVTVKVGGQLREALIDTGADDTVFEELNLPGRWKPKMIGGIGGFVKVREYDQVPIEICGHKAIGTVLVGPTPANIIGRNLLTKIGCTLNF"
615200,"PQITLWQRPIVTIKIAGQLKEALLDTGADDTVFEEMNLPGRWKPRMIGGIGGFLRVRQYDQVPIEICGHKALCTVLIGPTPVNVIGRNLMTQLGCTLNF"
615204,"PQITLWQRPIVTIKVAGQLMEAILDTGADDTVLEGINLPGKWKPKLIGGIGGFVKVREYEQIPIEICGHKVTGPVLVGPTPVNVIGRNLMTKLGCTLNF"
615212,"PQITLWQRPIVTIKVGGQLKEVLLDTGADDTVLEEMCLPGRWKPKMIGGIGGFMKVRQYDQVPIEICGHKVIGTVLIGPTPVNIVGRSLLSQIGCTLNF"
615238,"PQITLWQRPIVTIKVGGQLKEALLDTGADDTVLEEMNLPGRWKPKMIGGIGGFVKVRQYDQIPVEICGYKTVGTVLVGPTPANIIGRNLLTQIGCTLNF"
615246,"PQITLWQRPFVTVKIGGQLMEALLDTGADDTVVEELNLPGRWKPKMIGGIGGFVKVRQYDQIPIEICGHKTIGTVLVGPTPVNVIGRNVMTRIGCTLNF"
615252,"PQITLWQRPFVTIKIGGQLKEVLIDTGADDTVLDEIDLPGRWKPKIIGGIGGFVRVKQYDQIPIEICGHKVIGTVLVGPTPVNVIGRNVLAKLGCTLNF"
615254,"PQITLWQRPFITVKIGGQLTEALLDTGADDTVIEEMDLPGRWKPKIIGGIGGFVKVKQYDQVPIELCGHKILSTVLVGPTPTNVIGRNVMTQIGCTLNF"
615256,"PQITLWQRPIVTVKIGGQLKEALLDTGADDTVLEEMNLPGRWKPKMIGGIGGFIKVRQYDQVPIEICGHRTMGTVLVGPTPVNIIGRNLMTQIGCTLNF"
615274,"PQITLWQRPFVTAKIGGQLMEVLIDTGADDTVLEDINLPGRWKPKIIGGIGGFMKVREYDQIPIEICGHKVVGTVLVGPTPVNVIGRNVLTQLGCTLNF"
615278,"PQITLWQRPIVTIKIGGQLKEALLDTGADDTIFEEMNLPGRWIPKIVGGLGGFIRVRQYDQIAIEICGHKVIGTVLVGPTPANIIGRNLLTQIGCTLNF"
615282,"PQITLWQRPFVTIKIGGQLMEALIDTGADDTVFEDINLPGRWKPKIIGGIGGFVKVRQYDQVPIEICGHKVIGTVLVGPTPCNVIGRNLLTQLGCTLNF"
615314,"PQITLWQRPFVTVKIGGQLTEALLDTGADDTVLQEMNLPGRWKPRMIGGIGGFMKVRQYDQIPIEIFGHKIVSTVLIGPTPVNVIGRNLMTQIGCTLNF"
615324,"PQITLWQRPIVTIKIGGQLMEALLDTGADDTVLEEMNLPGRWKPKIIGGIGGFVKVRQYDQVPIEICGHKAVTTVLVGPTPVNVIGRNLMTQIGCTLNF"
615330,"PQITLWQRPFVTIKIGGQLKEALLDTGADDTVFQEMNLPGRWKPKIIGGIGGFVRVKEYDQVPIEVCGHKATTTVLVGPTPVNVIGRNLMTQLGFTLNF"
615336,"PQITLWQRPRVTIKVGGQLREALLDTGADDTVLEDISLPGKWKPKLIGGIGGFVRVRQYDQVPIEICGHKVIGTVLVGPTPANIIGRNLMTQLGCTLNF"
615352,"PQITLWQRPFIPVKIGGQTIEALLDTGADDTVLEDIDLPGRWKPKMIGGIGGFLKVRQYDQVPIEIYGHKIIGTVLVGPTPVNVIGRNLMTQIGCTLNF"
615358,"PQITLWQRPIVTIKIGGQLREALLDTGADDTVLEDIELPGRWKPKMIVGIGGFTKVRQYDQVSLEICGHKVIGTVLIGPTPANIIGRNLLTQLGCTLNF"
615404,"PQITLWQRPVVTIKVGGQLKEALLDTGADDTILEEMDLPGRWKPKIIGGIGGFVKVRQYDQIPIEICGHKVIGTVVVGPTPMNIIGRNLMTQIGCTLNF"
615410,"PQITLWQRPLVTIKVGGQLKEALLDTGADDTVLEDIDLPGRWKPKMIGGIGGFIKVKQFDQIPIEICGHKAIGTVLVGPTPVNIIGRNLMTQIGCTLNF"
615412,"PQITLWQRPLVAVKIGGQLKEALLDTGADDTVLEEMNLPGRWKPKMIGGIGGFIKVRQYDQIPVEICGHKAIGTVLIGPTPVNIIGRNLLTQIGCTLNF"
615432,"PQITLWQRPIVTVKIGGQLKEALLDTGADDTVFEEIDLPGRWKPIMIAGIGGFVKVRQYDQVPVEICGHKAIGTVLVGPTPADIIGRNLLNQIGCTLNF"
615436,"PQITLWQRPIVTIKIGGQLKEALIDTGADDTVFEDINLPGRWKPKIIGGIGGFLKVRQYDQVPIEICGHKVIGTVLVGPTPVNVIGRNLLTQLGCTLNF"
615448,"PQITLWQRPLVTIKIGGQLKEALLDTGADDTVLEEMNLPGRWKPKMIGGIGGFIKVRQYDQIAIEICGHKAIGTVLIGPTPVNIIGRNLLTQLGCTLNF"
615466,"PQITLWQRPFITVKIGGQLIEALLDTGADDTVIEDINLPGRWKPKIVGGVGGFVKVRQYDQVPIEIFEHKIISTVLVGPTPANIIGRNVMTQLGCTLNF"
615470,"PQITLWQRPLVEIKIGGQIKEALLDTGADDTVLEEMNLPGRWKPKMIGGIGGFIKVRQYDQIPLEICGHKAIGTVLVGPTPVNIIGRNLLTQIGCTLNF"
615484,"PQITLWQRPLVPVKIGGQIREALLDTGADDTVLEDISLPGRWKPKMIGGIGGFIKVKQYDQVPVEICGHKAIGTVLVGPTPVNIIGRSLLTQIGCTLNF"
615490,"PQITLWQRPLVTIKIGGQLKEALLDTGADDTVLEEMNLPGRWKPKMIGGIGGFIKVRQYEEIPIEICGHKAIGTVLIGPTPVNIIGRNLLTQIGCTLNF"
615498,"PQITLWQRPLVTIKIGGQLKEALLDTGADDTVVEDMNLPGRWKPKMIGGIGGFIKVRQYDQIPIEICGHKAIGTVLVGPTPVNIIGRNLLTQIGCTLNF"
615514,"PQITLWQRPLVTIKIGGQLKEALLDTGADDTVVEEMNLPGKWKPKMIGGIGGFIKVRQYEQILVEICGHKAIGTVLVGPTPVNIIGRNLLTQIGCTLNF"
615534,"PQITLWQRPVVTIKIGGQLREALLDTGADDTIFADIELPGRWKPKIVGGIGGLIRVKQYDQVPIEICGHKVISTVLVGPTPVNVIGRNAMTQMGCTLNF"
615532,"PQITLWQRPVVTIKIGGQLREALLDTGADDTIFADIELPGRWKPKIVGGIAGLLRVKQYDQVPIEVCGHKVISTVLIGPTPVNVIGRNVMTQIGCTLNF"
615540,"PQITLWQRPFLTVKIGGQLREALLDTGADDTVFEDIELPGRWKPKIIGGVGGFLRVKEYEQIPIEICGHKVISTVLVGPTPANIIGRNVMTQLGCTLNF"
8654,"PQITLWQRPLVPIRIGGQLKEALIDTGADDTVLEEMNLPGRWKPKIIGGIGGFVKVRQYDQIAVEICGHKAIGTVLVGPTPANIIGRNLLTQIGCTLNF"
8658,"PQITLWQRPIITVKIEGQLKEALLDTGADDTVLEDMSLPGRWKPKMIGGIGGFIKVRQYDQITVEIYGHKAIGTVLIGPTPFNIIGRNLLTQIGCTLNF"
8674,"PQITLWQRPLVTIKIGGQLKEALLDTGADDTVLEEMNLPGRWKPKMIGGIGGFIKVRQYDQIPIEICGHKAIGTVLVGPTPVNIIGRNLLTQIGCTLNF"
13261,"PQITLWQRPLVTIKIGGQLKEALLDTGADDTVLEEMNLPGRWKPKMIGGIGGFIKVGQYDQIPIEICGHKAIGTVLVGPTPVNIIGRNLLTQIGCTLNF"
13239,"PQITLWQRPLVTVKIGGQLMEALLDTGADDTVLEEVALPGRWKPKIIGGIGGFIKVRQYDQVPIEICGHKAIGTVLVGPTPVNIIGRSLLTQLGCTLNF"
27092,"PQITLWQRPIVTIKIGGQLIEALLDTGADDTVLEEINLPGRWKPKMIGGIGGFVKVRQYDQIPIEICGHKVIGTVLVGPTPTNIIGRNLLTQIGCTLNF"
28216,"PQITLWQRPLVTVKIGGQLKEALLDTGADDTVLEEMNLPGKWKPKMIGGIGGFIKVRQYDQILVEICGYKAIGTVLVGPTPVNIIGRNLLTQIGCTLNF"
29040,"PQITLWQRPLVTIKIGGQLKEALLDTGADNTVLEEMNLPGRWKPKMIGGIGGFIKVRQYDQIPIEICGHKAIGTVLIGPTPVNIIGRDLMTQIGCTLNF"
29047,"PQITLWQRPLVTIKIGGQLKEALLDTGADNTVLEEINLPGRWKPKMIGGIGGFVKVRQYDQIPIEICGHKVIGTVLVGPTPVNIIGRDLMTQIGCTLNF"
38714,"PQITLWQRPLVTIKVGGQLKEALLDTGADDTVLEEINLPGKWKPKMIGGIGGFIKVRQYDQIPIDICGHRAIGTVLVGPTPVNIIGRNLLTQIGCTLNF"
38788,"PQITLWQRPIVTIKIGGQLKEALLDTGADDTVLEEMNLPGRWKPKMIVGIGGFVKVRQYDQIPIEICGHKVMGTVLIGPTPANIIGRNLMTQLGCTLNF"
44046,"PQITLWQRPLVTIRIGGQLKEALLDTGADDTVLEEMNLPGRWKPKMIGGIGGFIKVRQYDQIPIEICGHKAIGTVLVGPTPVNIIGRNLLTQIGCTLNF"
44048,"PQITLWQRPLVTIKIGGQLKEALLDTGADDTVLEEMNLPGRWKPKMIGGIGGFIKVRQYDQIPIEICGHRAIGTVLVGPTPVNIIGRNLLTQIGCTLNF"
45074,"PQITLWQRPLVTIKIGGQLKEALLDTGADDTVLEEMNLPGRWKPKMIGGIGGFIKVRQYDQIPIEICGHKAIGTVLIGPTPVNIIGRNLLTQLGCTLNF"
45114,"PQITLWQRPLVTIKIGGQLKEALLDTGADDTVLEEMNLPGRWKPKMIGGLGGFIKVRQYDQILIEICGHKAIGTVLVGPTPVNIIGRNLLTQIGCTLNF"
45115,"PQITLWQRPLVTIKIGGQLKEALLDTGADDTVLEEMNLPGRWKPKMIGGIGGFIKVRQYDQILIEICGHKVIGTVLVGPTPVNIIGRNLLTQIGCTLNF"
45116,"PQITLWQRPLVTIKIGGQLKEALLDTGADDTVLEEMNLPGRWKPKMIGGLGGFIKVRQYDQILIEICGHKVIGTVLVGPTPVNIIGRNLLTQIGCTLNF"
45117,"PQITLWQRPLVTIKIGGQLKEALLDTGADDTVLEEMNLPGRWKPKMIGGIGGFIKVGQYDQILIEICGHKAIGTVLVGPTPVNIIGRNLLTQIGCTLNF"
52822,"PQITLWQRPIVTIKIGGQLKEALLDTGADDTVLEEMNLPGRWKPKIIGGIGGLIKVRQYDQIPIEICGHKVISTVLVGPTPTNIIGRNLMTQIGCTLNF"
52826,"PQITLWQRPLVTIKIGGQLKEALLDTGADNTVLEEMNLPGRWKPKIIGGIGGFIKVRQYDQILIEICGHKAIGTVLIGPTPVNIIGRNLLTQIGCTLNF"
54408,"PQITLWQRPFVTIKIGGQLKEALLDTGADDTVLEEMNLPGRWKPKMIGGIGGFIKVRQYDQILIEICGHKAIGTVLVGPTPVNVIGRNLLTQIGCTLNF"
54409,"PQITLWQRPFVTIKIGGQLKEALLDTGADDTVLEEMNLPGRWKPKIIGGVGGFIKVRQYDQILIEICGHKAIGTVLVGPTPVNIIGRNLLTQIGCTLNF"
56096,"PQITLWQRPIVTIKIGGQLREALLDTGADDTVFTDIDLPGRWTPKIIVGVGGFSKVRQYDQVPIEICGHKVVGTVLIGPTPANIVGRNLLTQLGCTLNF"
57112,"PQITLWQRPFVTIKVGGQLKEALLDTGADNTVFEDLELPGRWTPKMIGGIGGFIKVRQYEQVPIEICGHKAIGTVLVGPTPVNVIGRDLMTQIGCTLNF"
60106,"PQITLWQRPLVTIKIGGQLKEALLDTGADDTVLEEMNLPGRWKPKMIGGIGGFIKVRQYDQVPIEICGHKAIGTVLIGPTPVNIIGRNLLTQLGCTLNF"
61141,"PQITLWQRPLVSIKIGGQIKEALLDTGADDTVLEEMNLPGRWKPKMIGGIGGFIKVRQYDQIPIEICGHKAIGTVLIGPTPVNIIGRNLLTQLGCTLNF"
73534,"PQITLWQRPLVTIKIGGQLKEALLDTGADDTVLEEMNLPGRWKPKMIGGIGGFIKVRQYDQILIEICGHKAIGTVLVGPTPVNIIGRNLLTQIGCTLNF"
75082,"PQITLWQRPIVTIKIGGQLKEALLDTGADDTVLQEMNLPGRWKPKMIVGIGGFSKVRQYDQVPIEICGHKVIGSVLIGPTPANIIGRNLLTQLGCTLNF"
75096,"PQITLWQRPLVTIKIGGQLKEALLDTGADDTILEEMNLPGRWKPKMVGGIGGFIKVRQYDEIPIEICGHKAIGTVLVGPTPANIIGRNLLTQLGCTLNF"
75098,"PQITLWQRPFVTIKIGGQLKEALLDTGADDTIFEEMNLPGRWKPKIVGGIGGFIKVRQYDEIPIEICGHKAIGTVLVGPTPANIIGRNLLTQLGCTLNF"
74890,"PQITLWQRPFVTIKIGGQLKEALLDTGADDTVLEEMNLPGRWKPKIIGGIGGFVKVRQYDQIPIEICGKKVIGTVLVGPTPANIIGRNLMTQLGCTLNF"
74980,"PQITLWQRPIVTIKIGGQLKEALLDTGADDTVFEEMNLPGRWKPKIIGGIGGFVKVRQYDQIPIEICGHKVIGPVLVGPTPVNVIGRNLMTQLGCTLNF"
74938,"PQITLWQRPIVTVRIGGQLREALLDTGADDTVFEDINLPGKWKPKMIGGIGGLVKVRQYEGVPIEICGHKVISTVLVGPTPANIIGRNLMTQIGCTLNF"
74990,"PQITLWQRPIVTIKIGGQLKEALLDTGADDTILEEMNLPGRWKPKIAGGIGGFIKVRQYDQVPIEICGHKAIGTVLIGPTPINIIGRNLLTKLGFTLNF"
74926,"PQITLWQRPIVTIKVEGQLREALLDTGADDTVLEDINLPGKWKPKMIGGIGGFAKVKQYDDILIEICGHKVRGTVLVGPTPANIIGRNIMTKIGCTLNF"
77331,"PQITLWQRPVVTVKVGGQITEALLDTGADDTILEEINLPGRWKPKIVGGIGGFIKVREYDQIPVEICGHKAIGTVLVGPTPVNVIGRNLLTKIGCTLNF"
77379,"PQITLWQRPFVTVKIGGQLKEAILDTGADDTVFEEMNLPGRWKPKMIGGIGGFVKVKEYEQIPIEICGHKVIGTVVVGPTPANIIGRNLLTQLGCTLNF"
81841,"PQITLWQRPLVTIKIGGQLKEALLDTGADDTVLEEMNLPGRWKPKMIGGIGGFIKVRQYDQVSIEICGHKAIGTVLVGPTPVNIIGRNLLTQIGCTLNF"
107979,"PQITLWQRPLVTIKIGGQLKEALLDTGADDTVLEDINLPGRWKPKMIGGIGGFIKVRQYDQIPIEICGHKAIGTVLVGPTPVNIIGRNLLTQIGCTLNF"
109460,"PQITLWQRPLVTIKIGGQLKEALLDTGADDTVLEEMNLPGRWKPKMIGGIGGFIKVRQYDQIPLEICGHKAIGTVLVGPTPVNIIGRNLLTQIGCTLNF"
117125,"PQITLWQRPLVTIRVGGQLKEALLDTGADDTVLEEMNLPGKWKPKMIGGIGGFIKVRQYDQIPIEICGHKAIGTVLVGPTPVNIIGRNLLTQIGCTLNF"
143486,"PQITLWQRPFIPVKVGGQPTEALLDTGADDTIFEGINLPGRWKPKMIGGIGGFVKVRQYDQVPIEICGHTIISTVLVGATPVNVIGRNVMTQIGCTLNF"
145711,"PQITLWQRPLVTIKIGGQLKEALLDTGADDTVLEDMNLPGRWKPKMIGGIGGFIKVRQYDQIPIEICGHKAIGTVLVGPTPVNIIGRNLLTQIGCTLNF"
147556,"PQITLWQRPIVTIKIGGQLREALIDTGADDTVLEDIELPGRWKPKIIGGIGGFVKVRQYDNVPVEICGHKVVGSVVVGPTPTNIIGRNLLTQLGCTLNF"
148061,"PQITLWQRPIVTIKIGGQLKEALLDTGADDTVLEEMNLPGRWKPKMIGGIGGFIKVRQYDQIPIEICGHKAIGTVLVGPTPVNIIGRNLLTQLGCTLNF"
148067,"PQITLWQRPLVTVKIGGQLKEALLDTGADDTVLEEMNLPGRWKPKMIGGIGGFIKVRQYDQILVEICGHKAIGTVLVGPTPVNIIGRNLLTQIGCTLNF"
187195,"PQITLWQRPLVTIKIGGQLKEALLDTGADDTVLEEMNLPGRWKPKMIGGIGGFIKVRQYDQILVEICGHKAIGTVLVGPTPVNIIGRNLLTQIGCTLNF"
257927,"PQITLWQRPLVTIRIGGQLKEALLDTGADDTVLEEMNLPGRWKPKMIGGIGGFIKVGQYDQIPLEICGHKAVGTVLIGPTPVNIIGRNLLTQIGCTLNF"
259215,"PQITLWQRPLVTIKIGGQLKEALLDTGADDTVLEEMNLPGRWKPKMIGGIGGFIKVGQYDQIPIEICGHKAEGTVLIGPTPVNIIGRNLLTQLGCTLNF"
259257,"PQITLWQRPLVTIRIGGELKEALLDTGADDTVLEDINLPGRWKPKMIGGIGGFIKVGQYDQVPIEICGHKAVGTVLVGPTPVNIIGRNLLTQLGCTLNF"
614600,"PQITLWQRPLVTIKIGGQTKEALLDTGADDTVLEEMNLPGRWKPKMIGGIGGFIKVRQYDQIPIEICGHKAIGTVLIGPTPVNIIGRNLLTQIGCTLNF"
614720,"PQITLWQRPLVTIKIGGQETEALLDTGADDTVLEEIDLPGRWKPKMIGGIGGFIKVKQYEQIPIEICGQKVRGTVLVGPTPVNVIGRNLLTQLGCTLNF"
614958,"PQITLWQRPLVSIKVGGQIKEALLDTGADDTVLEEMSLPGRWKPKMIGGIGGFIKVRQYDQILIEICGHKAIGTVLVGPTPVNIIGRNLLTQIGCTLNF"
615092,"PQITLWQRPLVTIKIGGQLKEALLDTGADDTVLEEINLPGKWKPKMIGGIGGFIKVRQYDQIPIEICGHRAIGTVLVGPTPVNIIGRNLLTQIGCTLNF"
615302,"PQITLWQRPLVTIKIGGHLKEALLDTGADDTVLEEMSLPGRWKPKMIGGIGGFIKVRQYDQILIEICGHKVIGTVLIGPTPVNIIGRNLLTQLGCTLNF"
615340,"PQITLWQRPIVTVKIGGQLREALLDTGADDTILEDINLPGRWTPKMIGGIGGFIKVKQYDQIPVEICGYKVTGTVLVGPTPINIIGRNLLTQIGCTLNF"
615416,"PQITLWQRPLVTVKIGGQLKEALLDTGADDTVLEEMSLPGKWKPKMIGGIGGFIKVRQYEEIPIEICGHKAIGTVLVGPTPVNIIGRNLLTQLGCTLNF"
615422,"PQITLWQRPLVTVRVGGQLKEALLDTGADDTVLEEMNLPGRWKPKMIGGIGGFIKVRQYDQVHIEICGHKAIGTVLVGPTPVNIIGRNLLTQIGCTLNF"
615454,"PQITLWQRPVVTVKVAGQLREALLDTGADDTVFEDINLPGRWIPKLIGGLGGFIKVRQFNQVPIEICGHKVIGSVLVGPTPANIIGRNILTQLGCTLNF"
615530,"PQITLWQRPLVTIKIGGQLKEALLDTGADDTVIEEMNLPGRWKPKMIGGIGGFIKVKQYDQIPIEICEHKVIGTVLIGPTPVNIIGRNLLTQLGCTLNF"
